COGs,Human,Algae,Acuatic,Aves,Fish,Fungi,Mamalia,Nematoda,Plants,Reptilia,Soil,Wastewater,Others,RH,NRH,Animals
COG:COG0017,0,0,0,0,0,0,0,0,0,0,0,0,0,0,0,0
COG:COG0205,0,0,0,0,0,0,0,0,0,0,0,0,0,0,0,0
COG:COG0263,0,0,0,0,0,0,0,0,0,0,0,0,0,0,0,0
COG:COG0310,0,0,0,0,0,0,0,0,0,0,0,0,0,0,0,0
COG:COG0588,0,0,0,0,0,0,0,0,0,0,0,0,0,0,0,0
COG:COG0595,0,0,0,0,0,0,0,0,0,0,0,0,0,0,0,0
COG:COG0619,0,0,0,0,0,0,0,0,0,0,0,0,0,0,0,0
COG:COG0794,0,0,0,0,0,0,0,0,0,0,0,0,0,0,0,0
COG:COG0799,0,0,0,0,0,0,0,0,0,0,0,0,0,0,0,0
COG:COG0852,0,0,0,0,0,0,0,0,0,0,0,0,0,0,0,0
COG:COG0854,0,0,0,0,0,0,0,0,0,0,0,0,0,0,0,0
COG:COG1151,0,0,0,0,0,0,0,0,0,0,0,0,0,0,0,0
COG:COG1161,0,0,0,0,0,0,0,0,0,0,0,0,0,0,0,0
COG:COG1165,0,0,0,0,0,0,0,0,0,0,0,0,0,0,0,0
COG:COG1189,0,0,0,0,0,0,0,0,0,0,0,0,0,0,0,0
COG:COG1274,0,0,0,0,0,0,0,0,0,0,0,0,0,0,0,0
COG:COG1324,0,0,0,0,0,0,0,0,0,0,0,0,0,0,0,0
COG:COG1329,0,0,0,0,0,0,0,0,0,0,0,0,0,0,0,0
COG:COG1420,0,0,0,0,0,0,0,0,0,0,0,0,0,0,0,0
COG:COG1428,0,0,0,0,0,0,0,0,0,0,0,0,0,0,0,0
COG:COG1435,0,0,0,0,0,0,0,0,0,0,0,0,0,0,0,0
COG:COG1575,0,0,0,0,0,0,0,0,0,0,0,0,0,0,0,0
COG:COG1584,0,0,0,0,0,0,0,0,0,0,0,0,0,0,0,0
COG:COG1592,0,0,0,0,0,0,0,0,0,0,0,0,0,0,0,0
COG:COG1612,0,0,0,0,0,0,0,0,0,0,0,0,0,0,0,0
COG:COG1647,0,0,0,0,0,0,0,0,0,0,0,0,0,0,0,0
COG:COG1668,0,0,0,0,0,0,0,0,0,0,0,0,0,0,0,0
COG:COG1699,0,0,0,0,0,0,0,0,0,0,0,0,0,0,0,0
COG:COG1744,0,0,0,0,0,0,0,0,0,0,0,0,0,0,0,0
COG:COG1781,0,0,0,0,0,0,0,0,0,0,0,0,0,0,0,0
COG:COG1832,0,0,0,0,0,0,0,0,0,0,0,0,0,0,0,0
COG:COG1930,0,0,0,0,0,0,0,0,0,0,0,0,0,0,0,0
COG:COG2087,0,0,0,0,0,0,0,0,0,0,0,0,0,0,0,0
COG:COG2103,0,0,0,0,0,0,0,0,0,0,0,0,0,0,0,0
COG:COG2128,0,0,0,0,0,0,0,0,0,0,0,0,0,0,0,0
COG:COG2138,0,0,0,0,0,0,0,0,0,0,0,0,0,0,0,0
COG:COG2140,0,0,0,0,0,0,0,0,0,0,0,0,0,0,0,0
COG:COG2154,0,0,0,0,0,0,0,0,0,0,0,0,0,0,0,0
COG:COG2195,0,0,0,0,0,0,0,0,0,0,0,0,0,0,0,0
COG:COG2243,0,0,0,0,0,0,0,0,0,0,0,0,0,0,0,0
COG:COG2501,0,0,0,0,0,0,0,0,0,0,0,0,0,0,0,0
COG:COG2876,0,0,0,0,0,0,0,0,0,0,0,0,0,0,0,0
COG:COG2893,0,0,0,0,0,0,0,0,0,0,0,0,0,0,0,0
COG:COG2900,0,0,0,0,0,0,0,0,0,0,0,0,0,0,0,0
COG:COG2907,0,0,0,0,0,0,0,0,0,0,0,0,0,0,0,0
COG:COG2954,0,0,0,0,0,0,0,0,0,0,0,0,0,0,0,0
COG:COG3009,0,0,0,0,0,0,0,0,0,0,0,0,0,0,0,0
COG:COG3031,0,0,0,0,0,0,0,0,0,0,0,0,0,0,0,0
COG:COG3101,0,0,0,0,0,0,0,0,0,0,0,0,0,0,0,0
COG:COG3104,0,0,0,0,0,0,0,0,0,0,0,0,0,0,0,0
COG:COG3106,0,0,0,0,0,0,0,0,0,0,0,0,0,0,0,0
COG:COG3142,0,0,0,0,0,0,0,0,0,0,0,0,0,0,0,0
COG:COG3324,0,0,0,0,0,0,0,0,0,0,0,0,0,0,0,0
COG:COG3434,0,0,0,0,0,0,0,0,0,0,0,0,0,0,0,0
COG:COG3457,0,0,0,0,0,0,0,0,0,0,0,0,0,0,0,0
COG:COG3525,0,0,0,0,0,0,0,0,0,0,0,0,0,0,0,0
COG:COG3572,0,0,0,0,0,0,0,0,0,0,0,0,0,0,0,0
COG:COG3588,0,0,0,0,0,0,0,0,0,0,0,0,0,0,0,0
COG:COG3661,0,0,0,0,0,0,0,0,0,0,0,0,0,0,0,0
COG:COG3682,0,0,0,0,0,0,0,0,0,0,0,0,0,0,0,0
COG:COG3719,0,0,0,0,0,0,0,0,0,0,0,0,0,0,0,0
COG:COG3808,0,0,0,0,0,0,0,0,0,0,0,0,0,0,0,0
COG:COG3858,0,0,0,0,0,0,0,0,0,0,0,0,0,0,0,0
COG:COG3896,0,0,0,0,0,0,0,0,0,0,0,0,0,0,0,0
COG:COG4095,0,0,0,0,0,0,0,0,0,0,0,0,0,0,0,0
COG:COG4143,0,0,0,0,0,0,0,0,0,0,0,0,0,0,0,0
COG:COG4582,0,0,0,0,0,0,0,0,0,0,0,0,0,0,0,0
COG:COG4635,0,0,0,0,0,0,0,0,0,0,0,0,0,0,0,0
COG:COG4682,0,0,0,0,0,0,0,0,0,0,0,0,0,0,0,0
COG:COG5012,0,0,0,0,0,0,0,0,0,0,0,0,0,0,0,0
COG:COG0047,1,0,0,0,0,0,0,0,0,0,0,0,0,1,0,1
COG:COG0572,1,0,0,0,0,0,0,0,0,0,0,0,0,1,0,1
COG:COG0838,1,0,0,0,0,0,0,0,0,0,0,0,0,1,0,1
COG:COG1110,1,0,0,0,0,0,0,0,0,0,0,0,0,1,0,1
COG:COG1323,1,0,0,0,0,0,0,0,0,0,0,0,0,1,0,1
COG:COG1408,1,0,0,0,0,0,0,0,0,0,0,0,0,1,0,1
COG:COG2348,1,0,0,0,0,0,0,0,0,0,0,0,0,1,0,1
COG:COG3051,1,0,0,0,0,0,0,0,0,0,0,0,0,1,0,1
COG:COG3065,1,0,0,0,0,0,0,0,0,0,0,0,0,1,0,1
COG:COG3715,1,0,0,0,0,0,0,0,0,0,0,0,0,1,0,1
COG:COG3966,1,0,0,0,0,0,0,0,0,0,0,0,0,1,0,1
COG:COG4086,1,0,0,0,0,0,0,0,0,0,0,0,0,1,0,1
COG:COG3315,0,0,0,0,0,1,0,0,0,0,0,0,0,1,0,0
COG:COG3376,0,0,0,0,0,1,0,0,0,0,0,0,0,1,0,0
COG:COG4154,0,0,0,0,0,1,0,0,0,0,0,0,0,1,0,0
COG:COG4294,0,0,0,0,0,1,0,0,0,0,0,0,0,1,0,0
COG:COG0536,0,0,0,0,0,0,1,0,0,0,0,0,0,1,0,1
COG:COG0781,0,0,0,0,0,0,1,0,0,0,0,0,0,1,0,1
COG:COG1776,0,0,0,0,0,0,1,0,0,0,0,0,0,1,0,1
COG:COG5464,0,0,0,0,0,0,1,0,0,0,0,0,0,1,0,1
COG:COG1606,0,0,0,0,0,0,0,0,1,0,0,0,0,1,0,0
COG:COG1691,0,0,0,0,0,0,0,0,1,0,0,0,0,1,0,0
COG:COG1920,0,0,0,0,0,0,0,0,1,0,0,0,0,1,0,0
COG:COG2045,0,0,0,0,0,0,0,0,1,0,0,0,0,1,0,0
COG:COG2086,0,0,0,0,0,0,0,0,1,0,0,0,0,1,0,0
COG:COG2317,0,0,0,0,0,0,0,0,1,0,0,0,0,1,0,0
COG:COG2357,0,0,0,0,0,0,0,0,1,0,0,0,0,1,0,0
COG:COG2919,0,0,0,0,0,0,0,0,1,0,0,0,0,1,0,0
COG:COG3057,0,0,0,0,0,0,0,0,1,0,0,0,0,1,0,0
COG:COG3068,0,0,0,0,0,0,0,0,1,0,0,0,0,1,0,0
COG:COG3076,0,0,0,0,0,0,0,0,1,0,0,0,0,1,0,0
COG:COG3238,0,0,0,0,0,0,0,0,1,0,0,0,0,1,0,0
COG:COG3449,0,0,0,0,0,0,0,0,1,0,0,0,0,1,0,0
COG:COG3704,0,0,0,0,0,0,0,0,1,0,0,0,0,1,0,0
COG:COG3878,0,0,0,0,0,0,0,0,1,0,0,0,0,1,0,0
COG:COG4211,0,0,0,0,0,0,0,0,1,0,0,0,0,1,0,0
COG:COG4237,0,0,0,0,0,0,0,0,1,0,0,0,0,1,0,0
COG:COG4952,0,0,0,0,0,0,0,0,1,0,0,0,0,1,0,0
COG:COG5016,0,0,0,0,0,0,0,0,1,0,0,0,0,1,0,0
COG:COG3527,1,1,0,0,0,0,0,0,0,0,0,0,0,1,0,1
COG:COG1465,1,0,0,0,0,0,0,0,0,0,0,0,0,1,0,1
COG:COG4105,1,0,0,0,0,0,0,0,0,0,0,0,0,1,0,1
COG:COG3033,1,0,0,0,0,0,1,0,0,0,0,0,0,1,0,1
COG:COG1573,0,0,0,0,0,0,0,1,0,0,0,0,0,1,0,1
COG:COG2114,0,0,0,0,0,0,1,0,1,0,0,0,0,1,0,1
COG:COG1232,0,0,0,0,0,0,0,0,1,0,0,0,0,1,0,0
COG:COG2916,0,0,0,0,0,0,0,0,1,0,0,0,0,1,0,0
COG:COG4170,0,0,0,0,0,0,0,0,1,0,0,0,0,1,0,0
COG:COG1621,0,0,0,0,0,0,0,0,1,0,0,0,1,1,0,1
COG:COG3702,1,0,0,0,0,0,0,0,1,0,0,0,0,1,0,1
COG:COG1032,0,0,0,0,0,0,0,0,1,0,0,0,0,1,0,0
COG:COG4776,0,0,0,0,0,0,0,0,1,0,0,0,0,1,0,0
COG:COG3237,0,0,0,0,0,0,0,1,0,0,0,0,1,1,0,1
COG:COG1058,0,0,0,0,0,0,0,0,0,0,0,0,1,1,0,1
COG:COG1295,1,0,0,0,0,0,0,0,0,0,0,0,0,1,0,1
COG:COG2268,1,0,0,0,0,0,0,0,0,0,0,0,0,1,0,1
COG:COG1525,0,1,0,0,0,0,0,0,1,0,0,0,0,1,0,0
COG:COG5277,0,0,0,0,0,0,0,0,1,0,0,0,0,1,0,0
COG:COG2313,0,0,0,0,0,0,0,0,1,0,0,0,0,1,0,0
COG:COG4310,1,0,0,0,0,0,0,0,0,0,0,0,0,1,0,1
COG:COG4571,0,0,0,0,0,0,0,0,1,0,0,0,0,1,0,0
COG:COG0710,0,0,0,0,0,0,0,0,1,0,0,0,1,1,0,1
COG:COG4763,0,0,0,0,0,0,0,0,1,0,0,0,0,1,0,0
COG:COG0563,1,0,0,0,0,0,0,0,1,0,0,0,1,1,0,1
COG:COG5444,0,0,0,0,0,0,0,0,1,0,0,0,0,1,0,0
COG:COG1785,1,0,0,0,0,0,1,0,1,0,0,0,0,1,0,1
COG:COG1449,0,0,1,0,0,0,0,0,0,0,0,0,0,0,1,0
COG:COG1708,0,0,1,0,0,0,0,0,0,0,0,0,0,0,1,0
COG:COG2269,0,0,1,0,0,0,0,0,0,0,0,0,0,0,1,0
COG:COG3049,0,0,1,0,0,0,0,0,0,0,0,0,0,0,1,0
COG:COG4135,0,0,1,0,0,0,0,0,0,0,0,0,0,0,1,0
COG:COG0650,0,0,0,0,0,0,0,0,0,0,1,0,0,0,1,0
COG:COG1206,0,0,0,0,0,0,0,0,0,0,1,0,0,0,1,0
COG:COG1260,0,0,0,0,0,0,0,0,0,0,1,0,0,0,1,0
COG:COG1763,0,0,0,0,0,0,0,0,0,0,1,0,0,0,1,0
COG:COG1825,0,0,0,0,0,0,0,0,0,0,1,0,0,0,1,0
COG:COG3336,0,0,0,0,0,0,0,0,0,0,1,0,0,0,1,0
COG:COG3591,0,0,0,0,0,0,0,0,0,0,1,0,0,0,1,0
COG:COG3678,0,0,0,0,0,0,0,0,0,0,1,0,0,0,1,0
COG:COG3717,0,0,0,0,0,0,0,0,0,0,1,0,0,0,1,0
COG:COG3973,0,0,0,0,0,0,0,0,0,0,1,0,0,0,1,0
COG:COG4225,0,0,0,0,0,0,0,0,0,0,1,0,0,0,1,0
COG:COG2082,0,0,0,0,0,0,0,0,0,0,0,1,0,0,1,0
COG:COG2099,0,0,0,0,0,0,0,0,0,0,0,1,0,0,1,0
COG:COG3203,0,0,0,0,0,0,0,0,0,0,0,1,0,0,1,0
COG:COG3722,0,0,0,0,0,0,0,0,0,0,0,1,0,0,1,0
COG:COG5450,0,0,0,0,0,0,0,0,0,0,0,1,0,0,1,0
COG:COG0362,0,0,0,0,0,0,0,0,0,0,0,0,1,0,1,0
COG:COG0448,1,0,1,0,0,0,0,0,0,0,0,0,0,1,1,1
COG:COG3670,0,0,1,0,0,0,1,0,0,0,0,0,0,1,1,1
COG:COG4134,0,0,1,0,0,0,1,0,0,0,0,0,0,1,1,1
COG:COG1386,0,0,1,0,0,0,0,0,1,0,0,0,0,1,1,0
COG:COG2336,0,0,1,0,0,0,0,0,1,0,0,0,0,1,1,0
COG:COG3261,0,0,0,1,0,0,0,0,0,0,1,0,0,1,1,1
COG:COG0391,0,0,0,0,0,0,0,0,1,0,1,0,0,1,1,0
COG:COG1060,0,0,0,0,0,0,0,0,1,0,1,0,0,1,1,0
COG:COG3386,0,0,0,0,0,0,0,0,1,0,1,0,0,1,1,0
COG:COG3383,0,0,0,0,0,1,0,0,0,0,0,1,0,1,1,0
COG:COG3349,0,0,1,0,0,0,0,0,0,0,0,0,1,1,1,1
COG:COG3250,0,0,0,0,0,0,0,0,0,0,0,1,1,1,1,1
COG:COG2913,0,0,1,1,0,0,0,0,0,0,0,0,0,1,1,1
COG:COG0054,1,0,1,0,0,0,0,0,1,0,0,0,0,1,1,1
COG:COG3710,0,0,1,0,0,1,0,0,1,0,0,0,0,1,1,0
COG:COG2315,0,0,1,0,0,0,0,0,1,0,0,0,0,1,1,0
COG:COG1662,1,0,0,0,0,0,1,0,0,0,1,0,0,1,1,1
COG:COG4251,0,0,1,0,0,0,0,0,1,0,0,0,0,1,1,0
COG:COG4247,0,0,0,0,1,0,0,0,1,0,1,0,0,1,1,1
COG:COG4716,1,0,0,0,0,0,0,0,0,0,0,1,0,1,1,1
COG:COG4192,0,0,0,0,0,0,0,0,1,0,0,1,0,1,1,0
COG:COG0602,1,0,1,1,0,0,0,0,0,0,0,0,0,1,1,1
COG:COG0191,0,0,1,0,0,0,0,0,1,0,0,0,0,1,1,0
COG:COG1166,1,0,1,0,1,0,1,0,1,0,0,0,0,1,1,1
COG:COG3507,0,0,1,0,0,0,0,0,1,0,0,0,0,1,1,0
COG:COG2379,1,0,0,0,0,1,0,0,0,0,0,1,0,1,1,1
COG:COG2169,1,0,0,0,0,0,0,0,0,0,1,0,1,1,1,1
COG:COG4128,1,0,1,0,0,0,0,0,1,0,0,0,0,1,1,1
COG:COG1482,0,0,1,0,0,0,0,1,1,0,0,0,0,1,1,1
COG:COG3479,0,0,1,0,0,0,0,0,1,0,0,0,0,1,1,0
COG:COG3281,1,0,0,0,0,0,0,0,1,0,0,1,1,1,1,1
COG:COG3964,0,0,0,0,0,0,0,0,1,0,0,0,1,1,1,1
COG:COG4886,1,0,1,0,0,0,0,0,1,0,0,0,0,1,1,1
COG:COG1321,0,1,1,0,0,0,0,1,1,0,0,0,0,1,1,1
COG:COG1780,0,1,1,0,0,0,0,1,1,0,0,0,0,1,1,1
COG:COG2094,0,1,1,0,0,0,0,1,1,0,0,0,0,1,1,1
COG:COG3590,0,1,1,0,0,0,0,1,1,0,0,0,0,1,1,1
COG:COG3391,0,1,1,0,0,0,0,1,1,0,0,0,0,1,1,1
COG:COG2746,1,0,1,0,0,0,0,0,1,0,0,0,0,1,1,1
COG:COG2425,1,0,1,0,0,0,1,0,0,0,0,0,0,1,1,1
COG:COG1455,0,0,1,0,0,0,0,0,0,0,0,0,0,0,1,0
COG:COG1725,0,0,1,0,0,0,0,0,0,0,1,0,0,0,1,0
COG:COG3275,0,0,1,0,0,0,0,0,0,0,1,0,0,0,1,0
COG:COG4243,0,0,1,0,0,0,0,0,0,0,1,0,0,0,1,0
COG:COG4274,0,0,1,0,0,0,0,0,0,0,1,0,0,0,1,0
COG:COG3208,0,0,0,0,0,0,0,0,0,0,1,0,0,0,1,0
COG:COG2038,0,0,0,0,0,0,0,0,0,0,0,1,0,0,1,0
COG:COG4689,0,0,1,0,0,0,0,0,1,0,1,0,0,1,1,0
COG:COG1882,0,0,1,0,0,0,0,0,1,0,0,1,0,1,1,0
COG:COG3418,0,0,1,0,0,0,0,0,1,0,0,1,0,1,1,0
COG:COG2971,0,0,0,0,0,0,0,0,1,0,1,0,0,1,1,0
COG:COG3115,1,0,1,0,0,0,0,0,1,0,0,0,0,1,1,1
COG:COG2241,0,0,1,0,0,1,0,0,1,0,1,0,0,1,1,0
COG:COG1554,0,0,0,0,0,0,0,0,1,0,1,0,0,1,1,0
COG:COG1884,0,0,1,0,0,0,0,0,1,0,0,1,0,1,1,0
COG:COG3788,1,0,1,0,0,0,0,0,1,0,0,0,1,1,1,1
COG:COG2508,0,0,0,0,0,0,0,1,1,0,1,0,1,1,1,1
COG:COG0348,1,0,1,1,0,0,1,0,0,0,0,0,0,1,1,1
COG:COG3662,1,0,1,0,0,0,1,0,1,0,0,0,0,1,1,1
COG:COG0562,0,0,1,0,0,0,0,0,1,0,1,0,0,1,1,0
COG:COG3700,0,0,0,0,0,0,0,1,1,0,0,1,1,1,1,1
COG:COG4268,1,0,0,0,1,0,0,0,1,1,1,0,1,1,1,1
COG:COG0323,1,0,1,0,0,0,0,0,1,0,0,0,0,1,1,1
COG:COG0540,1,0,1,0,0,0,0,0,1,0,0,1,0,1,1,1
COG:COG1897,0,0,0,0,0,0,0,0,1,0,1,0,0,1,1,0
COG:COG3006,0,0,1,0,0,0,0,0,0,0,0,0,0,0,1,0
COG:COG2519,0,0,1,0,0,0,0,0,0,0,1,0,0,0,1,0
COG:COG1100,0,0,0,0,0,0,0,0,0,0,1,0,1,0,1,0
COG:COG0736,0,0,1,0,0,0,0,0,1,0,0,0,0,1,1,0
COG:COG1657,0,0,0,0,0,1,0,0,0,0,1,0,0,1,1,0
COG:COG0143,1,0,1,0,0,0,0,0,0,0,1,1,0,1,1,1
COG:COG1180,1,0,1,0,0,0,0,0,0,0,0,1,0,1,1,1
COG:COG1203,0,0,1,0,0,0,0,0,1,0,0,1,1,1,1,1
COG:COG1887,0,0,1,0,1,0,0,0,1,0,0,1,0,1,1,1
COG:COG4603,1,0,1,0,0,0,1,0,1,0,0,0,0,1,1,1
COG:COG3866,0,0,1,0,0,0,0,0,1,0,1,0,1,1,1,1
COG:COG4625,1,0,1,0,0,0,0,0,1,0,1,0,0,1,1,1
COG:COG1368,1,0,1,0,0,0,0,0,1,0,1,1,0,1,1,1
COG:COG1380,1,1,1,0,0,0,1,0,1,0,1,1,0,1,1,1
COG:COG3185,1,0,1,0,0,0,1,0,1,0,1,1,0,1,1,1
COG:COG3840,0,0,1,0,0,0,1,0,1,0,1,1,0,1,1,1
COG:COG4555,0,0,0,0,0,0,0,1,1,0,1,1,0,1,1,1
COG:COG4573,0,0,1,0,0,0,0,0,1,0,1,0,1,1,1,1
COG:COG1506,1,0,0,0,0,0,0,0,1,0,0,1,1,1,1,1
COG:COG4171,0,0,0,0,0,0,0,0,0,0,1,0,0,0,1,0
COG:COG4566,0,0,1,0,0,0,0,0,0,0,1,1,0,0,1,0
COG:COG3770,0,0,1,0,1,0,0,0,0,0,1,0,1,1,1,1
COG:COG1402,0,0,0,0,0,1,0,0,1,0,1,0,0,1,1,0
COG:COG1268,1,0,1,0,0,0,0,0,0,0,1,1,0,1,1,1
COG:COG1740,1,0,1,0,0,0,0,0,0,0,0,1,0,1,1,1
COG:COG1253,1,0,1,0,0,0,1,0,1,0,1,0,0,1,1,1
COG:COG2895,1,0,1,0,0,0,0,0,0,0,1,0,0,1,1,1
COG:COG1783,0,0,1,0,0,1,0,0,1,0,0,1,1,1,1,1
COG:COG1059,1,0,1,0,0,0,0,0,1,0,0,0,0,1,1,1
COG:COG0139,1,0,0,0,0,1,0,0,1,0,1,0,0,1,1,1
COG:COG3309,1,0,1,0,0,0,0,0,1,0,1,0,0,1,1,1
COG:COG3226,1,0,0,0,0,0,0,0,1,0,1,0,0,1,1,1
COG:COG1025,1,0,1,0,0,0,0,0,1,0,1,0,1,1,1,1
COG:COG1830,1,0,1,0,0,0,1,0,1,0,0,0,1,1,1,1
COG:COG1985,1,0,1,0,0,0,1,0,1,0,1,1,1,1,1,1
COG:COG0338,1,0,1,0,0,0,0,0,1,0,1,0,0,1,1,1
COG:COG1227,0,0,1,0,0,0,1,0,1,0,1,0,0,1,1,1
COG:COG5613,0,0,1,0,1,0,0,0,1,0,0,0,0,1,1,1
COG:COG1401,1,0,1,0,0,0,0,0,1,0,1,0,1,1,1,1
COG:COG3096,1,0,1,0,0,0,1,0,1,0,1,0,1,1,1,1
COG:COG0717,0,0,1,0,0,0,0,0,1,0,1,0,0,1,1,0
COG:COG4647,0,0,1,0,0,1,0,0,0,0,1,0,0,1,1,0
COG:COG3744,0,0,1,0,0,0,0,0,1,0,1,0,0,1,1,0
COG:COG0202,0,0,1,0,0,0,0,0,1,0,1,0,0,1,1,0
COG:COG4146,0,0,1,0,0,0,0,0,1,0,1,1,0,1,1,0
COG:COG5455,0,0,1,0,0,0,0,0,1,0,1,0,0,1,1,0
COG:COG4917,1,0,1,0,0,0,0,0,1,0,1,1,0,1,1,1
COG:COG1317,0,0,1,0,0,0,0,1,1,0,1,1,0,1,1,1
COG:COG3920,1,0,1,0,0,0,0,1,1,0,1,1,1,1,1,1
COG:COG4890,1,0,1,0,0,0,0,0,1,0,1,1,1,1,1,1
COG:COG2829,0,0,1,0,0,0,0,0,1,0,1,0,0,1,1,0
COG:COG3317,0,0,1,0,0,0,0,1,1,0,1,1,0,1,1,1
COG:COG5640,0,0,1,0,0,0,0,0,1,0,1,0,0,1,1,0
COG:COG1636,1,0,1,0,0,1,0,0,1,0,1,1,0,1,1,1
COG:COG4576,1,0,1,0,0,0,0,0,1,0,1,1,0,1,1,1
COG:COG4577,1,0,1,0,0,0,0,0,1,0,1,1,0,1,1,1
COG:COG4810,1,0,1,0,0,0,0,0,1,0,1,1,0,1,1,1
COG:COG4816,1,0,1,0,0,0,0,0,1,0,1,1,0,1,1,1
COG:COG2978,1,0,1,0,0,0,0,0,1,0,1,1,0,1,1,1
COG:COG4161,0,0,1,1,0,0,0,0,1,0,1,1,1,1,1,1
COG:COG0240,1,0,1,0,0,0,0,0,1,0,1,1,0,1,1,1
COG:COG2948,1,0,1,1,0,0,1,0,1,0,1,0,0,1,1,1
COG:COG5295,1,0,1,0,0,1,0,0,1,0,1,0,0,1,1,1
COG:COG0863,0,0,1,1,0,0,0,1,1,0,1,1,0,1,1,1
COG:COG0495,1,0,1,0,0,0,0,0,1,1,1,1,1,1,1,1
COG:COG4166,0,0,1,0,0,0,0,0,1,0,1,0,1,1,1,1
COG:COG2145,1,0,1,1,0,0,1,1,1,0,1,1,1,1,1,1
COG:COG3736,1,0,1,0,0,0,1,0,1,0,1,0,1,1,1,1
COG:COG2382,1,1,1,0,0,1,1,1,1,0,1,0,1,1,1,1
COG:COG3693,1,0,1,0,0,0,0,0,1,0,1,0,0,1,1,1
COG:COG4988,0,0,1,0,0,0,0,0,0,0,1,0,0,0,1,0
COG:COG3637,0,1,1,0,0,0,0,0,1,0,1,0,0,1,1,0
COG:COG3268,1,0,1,0,0,0,0,1,1,0,1,1,1,1,1,1
COG:COG0699,1,0,1,0,0,0,0,0,1,0,1,1,0,1,1,1
COG:COG1850,0,1,1,0,0,0,0,0,1,0,1,1,0,1,1,0
COG:COG2901,0,1,1,0,1,0,0,0,1,0,1,0,1,1,1,1
COG:COG0222,1,0,0,0,1,1,1,0,1,0,1,1,1,1,1,1
COG:COG4570,1,0,1,0,0,0,1,0,1,0,0,1,0,1,1,1
COG:COG1486,1,0,1,0,0,0,0,0,1,0,1,0,0,1,1,1
COG:COG1348,0,0,1,0,0,0,0,0,1,0,1,1,1,1,1,0
COG:COG1403,1,0,0,0,0,0,1,0,1,0,1,0,0,1,1,1
COG:COG3266,1,0,1,0,1,1,0,0,1,0,1,0,1,1,1,1
COG:COG1216,0,0,1,0,1,0,0,1,1,0,1,1,0,1,1,1
COG:COG2979,1,0,1,0,1,0,1,0,1,0,1,1,0,1,1,1
COG:COG1351,1,0,1,0,0,0,1,1,1,0,1,1,1,1,1,1
COG:COG0287,1,0,1,0,0,1,0,1,1,0,1,0,1,1,1,1
COG:COG4122,1,1,1,0,0,0,0,0,1,0,1,1,1,1,1,1
COG:COG2963,1,0,0,0,0,0,1,0,1,0,1,1,1,1,1,1
COG:COG2222,1,0,1,0,0,0,0,0,1,0,1,0,1,1,1,1
COG:COG0674,1,0,1,0,0,0,0,0,0,0,0,0,0,1,1,1
COG:COG4605,1,0,1,0,0,0,0,0,1,0,0,0,0,1,1,1
COG:COG4606,1,0,1,0,0,0,0,0,1,0,0,0,0,1,1,1
COG:COG5496,0,0,1,0,0,0,0,0,1,0,1,1,0,1,1,0
COG:COG2980,1,0,1,0,0,0,0,0,1,0,1,1,1,1,1,1
COG:COG2914,1,1,1,0,0,0,0,0,1,0,1,1,0,1,1,1
COG:COG3573,1,0,1,1,1,0,1,0,0,0,1,1,0,1,1,1
COG:COG4257,1,0,1,0,0,0,1,0,1,0,1,1,1,1,1,1
COG:COG1261,0,0,1,0,0,0,0,1,1,0,1,1,0,1,1,1
COG:COG4248,1,1,1,0,0,0,1,0,1,0,1,0,0,1,1,1
COG:COG3409,1,0,1,0,0,0,1,0,1,0,1,0,0,1,1,1
COG:COG3477,0,0,1,0,0,0,0,1,1,0,1,1,1,1,1,1
COG:COG1501,0,0,1,0,0,0,0,0,1,0,1,1,1,1,1,1
COG:COG4145,1,0,1,0,0,0,0,1,1,0,1,1,1,1,1,1
COG:COG3274,0,0,1,0,1,1,1,0,1,0,1,0,1,1,1,1
COG:COG0647,0,0,1,0,0,0,0,0,1,0,1,1,0,1,1,0
COG:COG1735,1,0,1,0,0,0,1,0,1,0,1,0,0,1,1,1
COG:COG2335,0,0,1,0,0,0,0,0,1,0,1,1,0,1,1,0
COG:COG2956,1,0,1,0,0,0,0,0,1,0,1,1,0,1,1,1
COG:COG2999,0,0,1,0,1,0,0,0,1,0,1,1,1,1,1,1
COG:COG1061,1,1,1,0,0,0,1,0,1,0,1,1,0,1,1,1
COG:COG0706,1,0,1,1,0,1,1,0,1,0,1,0,0,1,1,1
COG:COG3173,1,0,1,0,1,0,1,0,0,0,1,0,1,1,1,1
COG:COG3545,1,0,1,0,0,0,0,0,1,0,1,0,1,1,1,1
COG:COG2825,1,1,1,0,0,0,0,1,1,0,1,1,0,1,1,1
COG:COG4447,1,1,1,0,1,0,0,0,1,0,1,1,0,1,1,1
COG:COG2211,1,0,1,0,0,0,0,0,1,0,1,1,0,1,1,1
COG:COG2020,0,0,1,1,0,0,0,0,1,0,1,1,1,1,1,1
COG:COG1794,0,0,1,0,0,1,0,0,1,0,0,0,0,1,1,0
COG:COG0634,0,0,1,0,1,0,0,0,1,0,1,1,1,1,1,1
COG:COG4464,0,0,1,0,1,0,0,0,1,0,1,1,1,1,1,1
COG:COG1446,0,0,1,0,0,1,1,0,1,0,1,0,0,1,1,1
COG:COG0298,1,0,1,0,0,0,0,0,1,0,1,0,0,1,1,1
COG:COG1469,1,1,1,0,0,0,1,0,1,0,1,1,1,1,1,1
COG:COG3621,1,0,1,0,0,0,1,0,1,0,1,1,0,1,1,1
COG:COG3126,0,1,1,0,0,0,1,1,1,0,1,1,1,1,1,1
COG:COG2431,0,0,1,0,0,1,0,0,1,0,1,1,1,1,1,1
COG:COG1373,1,0,1,0,0,0,1,1,1,0,1,1,1,1,1,1
COG:COG0680,1,0,1,0,0,0,0,0,1,0,1,1,0,1,1,1
COG:COG0014,0,1,1,0,0,0,0,0,1,0,1,1,0,1,1,0
COG:COG1015,0,0,1,0,0,1,1,1,1,0,1,1,1,1,1,1
COG:COG3806,1,0,1,0,0,0,1,0,1,0,1,0,1,1,1,1
COG:COG0615,1,0,1,0,1,0,0,1,1,0,1,1,1,1,1,1
COG:COG3425,1,0,1,0,1,1,0,0,1,0,1,0,0,1,1,1
COG:COG0213,1,1,1,0,0,1,1,1,1,0,1,1,1,1,1,1
COG:COG2710,0,0,1,0,0,0,0,0,1,0,1,1,1,1,1,0
COG:COG0068,1,0,1,0,0,0,0,0,1,0,1,1,0,1,1,1
COG:COG0375,1,0,1,0,0,0,0,0,1,0,1,1,0,1,1,1
COG:COG0374,1,0,1,0,0,0,0,0,1,0,1,1,0,1,1,1
COG:COG0409,1,0,1,0,0,0,0,0,1,0,1,1,0,1,1,1
COG:COG1969,1,0,1,0,0,0,0,0,1,0,1,1,0,1,1,1
COG:COG2272,1,0,1,0,0,1,0,0,1,0,1,1,1,1,1,1
COG:COG1310,1,0,1,0,1,0,0,1,1,0,1,1,0,1,1,1
COG:COG2337,1,0,1,0,1,0,1,0,1,0,1,1,1,1,1,1
COG:COG1914,0,0,1,0,0,0,0,1,1,0,1,0,1,1,1,1
COG:COG0797,0,0,1,0,1,0,0,1,1,0,1,1,1,1,1,1
COG:COG4962,1,0,1,1,0,0,1,0,1,0,1,1,0,1,1,1
COG:COG0295,0,1,1,0,0,1,1,1,1,0,1,1,1,1,1,1
COG:COG1972,1,1,1,0,0,1,1,1,1,0,1,1,1,1,1,1
COG:COG3320,1,0,1,0,1,0,0,1,1,1,1,1,1,1,1,1
COG:COG2111,1,0,1,0,0,0,1,0,1,0,1,1,1,1,1,1
COG:COG0832,1,1,1,0,1,0,1,1,1,0,1,1,0,1,1,1
COG:COG1256,1,0,1,0,0,0,1,1,1,0,1,1,0,1,1,1
COG:COG3695,1,1,1,0,0,0,0,1,1,0,1,1,1,1,1,1
COG:COG0180,1,1,1,0,0,0,1,0,1,0,1,1,1,1,1,1
COG:COG1312,1,1,1,0,0,0,1,1,1,0,1,0,1,1,1,1
COG:COG2723,1,0,1,0,0,0,1,0,1,0,1,1,0,1,1,1
COG:COG0678,1,0,1,0,0,0,0,1,1,0,1,1,1,1,1,1
COG:COG1119,1,0,1,0,0,0,1,1,1,0,1,1,1,1,1,1
COG:COG2994,1,0,1,0,0,1,0,1,1,0,1,0,1,1,1,1
COG:COG2215,1,0,1,0,0,0,1,0,1,0,1,0,1,1,1,1
COG:COG0804,1,1,1,0,0,0,1,0,1,0,1,1,1,1,1,1
COG:COG1010,1,0,1,1,0,1,1,0,1,0,1,0,1,1,1,1
COG:COG3468,1,1,1,0,1,0,1,0,1,0,1,1,1,1,1,1
COG:COG0467,1,0,1,0,1,0,0,1,1,0,1,1,0,1,1,1
COG:COG3609,1,0,1,0,0,1,0,0,1,0,1,1,1,1,1,1
COG:COG3041,1,0,1,0,1,0,1,0,1,0,1,1,0,1,1,1
COG:COG3411,0,0,1,0,0,1,0,1,1,0,1,0,1,1,1,1
COG:COG2002,1,0,1,1,0,0,1,0,0,0,1,1,1,1,1,1
COG:COG0283,1,1,1,0,0,0,1,1,1,0,1,1,1,1,1,1
COG:COG3191,1,0,1,0,0,1,1,1,1,0,1,1,1,1,1,1
COG:COG2203,1,0,1,0,1,0,1,0,1,0,1,1,1,1,1,1
COG:COG3095,1,0,1,0,0,0,1,0,1,0,1,0,1,1,1,1
COG:COG2732,0,0,1,0,0,0,0,0,1,0,1,0,0,1,1,0
COG:COG3290,1,0,1,0,0,0,1,0,1,0,1,1,1,1,1,1
COG:COG4565,1,0,1,0,0,0,1,0,1,0,1,1,1,1,1,1
COG:COG3340,1,0,1,0,0,0,1,0,1,0,1,1,1,1,1,1
COG:COG4656,1,0,1,0,1,0,0,0,1,0,1,1,1,1,1,1
COG:COG1922,1,0,1,1,0,0,1,1,1,0,1,1,1,1,1,1
COG:COG3304,0,0,1,0,1,0,0,0,1,0,1,0,1,1,1,1
COG:COG0148,1,0,1,0,0,0,1,0,1,0,1,1,1,1,1,1
COG:COG4114,0,1,1,0,1,0,1,1,1,0,1,0,1,1,1,1
COG:COG3549,1,0,1,1,0,0,0,0,1,0,1,1,1,1,1,1
COG:COG1596,0,0,1,0,0,0,0,0,1,0,1,0,0,1,1,0
COG:COG0396,0,0,1,0,1,0,1,0,1,0,1,0,0,1,1,1
COG:COG0719,0,0,1,0,1,0,1,0,1,0,1,0,0,1,1,1
COG:COG3005,1,0,1,1,0,0,1,0,1,0,1,1,1,1,1,1
COG:COG3043,1,0,1,1,0,0,1,1,1,0,1,1,1,1,1,1
COG:COG0426,1,0,1,0,0,0,0,0,1,0,1,0,0,1,1,1
COG:COG0419,1,0,1,1,1,1,0,1,1,0,1,1,1,1,1,1
COG:COG0363,1,0,1,0,1,1,0,0,1,0,1,1,1,1,1,1
COG:COG0701,1,0,1,0,1,0,0,0,1,0,1,0,1,1,1,1
COG:COG1940,1,0,1,0,1,1,0,0,1,0,1,1,1,1,1,1
COG:COG3713,1,0,1,0,0,1,1,0,1,0,1,0,1,1,1,1
COG:COG1069,0,0,1,0,0,1,0,1,1,0,1,0,1,1,1,1
COG:COG1207,0,0,1,0,0,0,0,1,1,0,1,1,1,1,1,1
COG:COG3733,1,0,1,0,0,0,1,1,1,0,1,1,1,1,1,1
COG:COG0095,1,0,1,0,0,1,0,0,1,0,1,0,1,1,1,1
COG:COG4408,1,1,1,0,0,0,1,0,1,1,1,1,0,1,1,1
COG:COG1589,0,0,1,0,0,1,0,0,1,0,1,0,0,1,1,0
COG:COG4607,1,0,1,0,0,0,0,0,1,0,1,1,1,1,1,1
COG:COG2134,1,1,1,0,0,1,0,1,1,0,1,0,1,1,1,1
COG:COG1535,1,1,1,0,1,0,1,1,1,0,1,1,1,1,1,1
COG:COG4669,1,0,1,1,1,1,0,1,1,0,1,1,1,1,1,1
COG:COG3714,0,0,1,0,0,1,1,0,1,0,1,1,1,1,1,1
COG:COG0831,1,0,1,0,0,0,1,0,1,0,1,0,1,1,1,1
COG:COG1275,1,0,1,0,0,1,0,1,1,0,1,1,1,1,1,1
COG:COG3961,1,0,1,0,1,1,0,1,1,0,1,1,1,1,1,1
COG:COG3616,1,0,1,0,0,1,1,1,1,0,1,0,1,1,1,1
COG:COG1999,1,0,1,0,0,1,1,1,1,0,1,1,1,1,1,1
COG:COG0641,1,0,1,1,0,0,1,0,1,0,1,1,1,1,1,1
COG:COG4150,0,1,1,1,1,0,1,1,1,0,1,1,1,1,1,1
COG:COG1951,1,0,1,1,0,0,1,1,1,0,1,1,1,1,1,1
COG:COG2801,1,0,1,1,1,1,1,1,1,0,1,1,1,1,1,1
COG:COG4325,1,0,1,1,1,0,1,0,1,0,1,1,1,1,1,1
COG:COG1363,1,0,1,1,1,1,1,1,1,0,1,1,1,1,1,1
COG:COG3653,1,1,1,0,1,0,1,1,1,0,1,1,1,1,1,1
COG:COG0371,1,0,1,0,1,0,1,1,1,0,1,1,1,1,1,1
COG:COG3280,1,1,1,0,0,0,1,1,1,1,1,1,1,1,1,1
COG:COG3338,1,1,1,0,1,0,1,0,1,0,1,0,1,1,1,1
COG:COG2442,0,0,1,0,0,1,1,0,1,0,1,0,1,1,1,1
COG:COG1757,0,1,1,0,1,0,1,0,1,0,1,1,1,1,1,1
COG:COG3319,1,0,1,0,0,0,0,1,1,0,1,1,0,1,1,1
COG:COG3504,1,0,1,0,0,1,1,0,1,0,1,1,0,1,1,1
COG:COG4126,1,1,1,0,0,1,1,1,1,0,1,1,1,1,1,1
COG:COG2104,1,1,1,0,1,1,1,1,1,0,1,1,1,1,1,1
COG:COG1080,1,1,1,0,1,1,1,1,1,0,1,1,0,1,1,1
COG:COG1509,0,0,1,0,1,1,1,1,1,0,1,0,1,1,1,1
COG:COG1056,1,0,1,0,1,1,0,1,1,0,1,1,1,1,1,1
COG:COG0039,1,0,1,1,1,0,1,1,1,0,1,1,0,1,1,1
COG:COG1562,1,1,1,0,1,1,1,1,1,0,1,1,1,1,1,1
COG:COG0864,1,0,1,0,0,0,1,1,1,0,1,1,0,1,1,1
COG:COG1484,1,0,1,0,0,1,1,0,1,0,1,1,1,1,1,1
COG:COG1721,1,0,1,1,1,1,0,0,1,0,1,1,1,1,1,1
COG:COG3980,1,0,1,0,0,1,1,0,1,0,1,1,1,1,1,1
COG:COG1072,0,0,1,0,0,0,0,0,1,0,1,1,1,1,1,1
COG:COG3344,1,1,1,0,0,0,0,1,1,0,1,1,1,1,1,1
COG:COG3833,1,0,1,0,1,0,1,0,1,0,1,1,1,1,1,1
COG:COG2182,1,0,1,0,1,0,1,0,1,0,1,1,1,1,1,1
COG:COG1090,1,0,1,1,0,0,1,1,1,0,1,1,1,1,1,1
COG:COG3971,1,0,1,0,0,1,1,0,1,0,1,1,1,1,1,1
COG:COG0686,0,1,1,1,1,0,1,1,1,0,1,1,1,1,1,1
COG:COG3550,1,1,1,0,1,0,1,1,1,0,1,1,1,1,1,1
COG:COG0300,1,0,1,0,0,0,0,0,1,0,1,1,1,1,1,1
COG:COG1979,1,0,1,0,1,0,1,0,1,0,1,1,1,1,1,1
COG:COG3668,1,0,1,0,1,1,1,1,1,0,1,1,0,1,1,1
COG:COG4989,1,0,1,0,1,0,1,0,1,0,1,1,1,1,1,1
COG:COG0369,1,1,1,0,1,1,1,1,1,0,1,1,1,1,1,1
COG:COG1443,1,0,1,1,1,0,1,1,1,0,1,0,0,1,1,1
COG:COG0307,1,0,1,1,1,1,1,1,1,0,1,1,1,1,1,1
COG:COG1877,1,1,1,0,1,0,1,1,1,0,1,1,1,1,1,1
COG:COG3794,1,0,1,0,0,1,0,0,1,0,1,1,1,1,1,1
COG:COG1705,1,1,1,1,1,0,1,1,1,0,1,1,1,1,1,1
COG:COG3758,1,0,1,0,1,1,1,1,1,0,1,1,1,1,1,1
COG:COG2843,0,0,1,0,0,0,0,0,1,0,1,1,1,1,1,0
COG:COG2812,1,0,1,0,1,0,1,1,1,0,1,1,1,1,1,1
COG:COG1134,1,0,1,0,0,1,1,1,1,0,1,1,1,1,1,1
COG:COG4670,1,1,1,0,1,0,1,1,1,0,1,1,1,1,1,1
COG:COG3394,1,0,1,0,1,0,0,1,1,0,1,1,1,1,1,1
COG:COG3727,1,1,1,0,0,1,1,0,1,0,1,1,0,1,1,1
COG:COG0380,1,1,1,0,1,0,1,1,1,0,1,1,1,1,1,1
COG:COG3177,1,0,1,0,1,1,1,0,1,0,1,1,1,1,1,1
COG:COG2120,1,0,1,1,0,0,1,1,1,0,1,1,1,1,1,1
COG:COG2149,1,0,1,0,1,0,1,0,1,0,1,1,1,1,1,1
COG:COG4683,1,0,1,1,0,1,1,1,1,0,1,1,1,1,1,1
COG:COG0176,1,1,1,1,1,1,1,1,1,0,1,1,1,1,1,1
COG:COG3493,1,0,1,0,0,0,1,1,1,0,1,1,1,1,1,1
COG:COG1695,1,0,1,1,1,1,1,1,1,0,1,1,1,1,1,1
COG:COG4594,1,0,1,0,0,1,1,1,1,0,1,0,1,1,1,1
COG:COG3909,1,0,1,1,1,0,1,1,1,0,1,1,1,1,1,1
COG:COG4657,1,0,1,1,1,1,1,1,1,0,1,1,1,1,1,1
COG:COG1598,1,0,1,0,0,0,1,1,1,1,1,1,1,1,1,1
COG:COG1213,1,0,1,0,1,1,0,1,1,0,1,1,1,1,1,1
COG:COG0574,1,0,1,0,1,1,0,1,1,0,1,1,1,1,1,1
COG:COG0819,1,0,1,1,1,1,1,1,1,0,1,1,1,1,1,1
COG:COG0636,1,0,1,1,1,0,1,0,1,0,1,1,1,1,1,1
COG:COG2173,1,1,1,0,1,1,1,1,1,0,1,1,1,1,1,1
COG:COG3723,1,1,1,1,0,1,1,1,1,0,1,1,1,1,1,1
COG:COG0056,1,0,1,0,1,0,1,1,1,0,1,1,1,1,1,1
COG:COG1883,1,1,1,1,1,0,1,0,1,0,1,1,1,1,1,1
COG:COG1286,1,0,1,0,1,0,1,1,1,0,1,1,1,1,1,1
COG:COG3062,1,1,1,0,1,0,1,1,1,0,1,1,1,1,1,1
COG:COG1515,1,1,1,1,1,0,1,1,1,0,1,1,1,1,1,1
COG:COG4568,1,1,1,0,1,0,1,1,1,0,1,1,1,1,1,1
COG:COG0274,1,0,1,0,0,1,1,1,1,0,1,1,1,1,1,1
COG:COG3321,1,0,1,1,1,0,1,1,1,0,1,1,1,1,1,1
COG:COG3059,1,1,1,0,1,1,1,1,1,0,1,1,0,1,1,1
COG:COG4301,1,1,1,1,1,0,1,1,1,0,1,1,1,1,1,1
COG:COG3791,1,0,1,0,0,0,0,1,1,0,1,1,1,1,1,1
COG:COG4766,1,1,1,0,1,0,0,1,1,0,1,1,1,1,1,1
COG:COG2906,1,0,1,1,1,0,1,0,1,0,1,1,1,1,1,1
COG:COG2132,1,0,1,1,0,1,1,1,1,0,1,1,1,1,1,1
COG:COG3470,1,0,1,0,1,1,1,1,1,0,1,1,1,1,1,1
COG:COG4944,1,1,1,1,1,0,1,1,1,0,1,1,1,1,1,1
COG:COG4619,1,0,1,0,0,1,1,1,1,0,1,1,1,1,1,1
COG:COG0390,1,0,1,0,0,1,1,1,1,0,1,1,1,1,1,1
COG:COG4604,1,0,1,1,1,0,1,1,1,0,1,1,0,1,1,1
COG:COG1518,1,1,1,0,0,0,1,0,1,0,1,1,1,1,1,1
COG:COG1729,1,0,1,1,1,1,1,1,1,0,1,1,1,1,1,1
COG:COG1404,1,0,1,1,0,0,1,1,1,0,1,1,1,1,1,1
COG:COG1233,1,1,1,0,1,1,1,1,1,0,1,1,1,1,1,1
COG:COG1871,1,0,1,0,0,1,1,0,1,0,1,1,1,1,1,1
COG:COG0759,1,0,1,0,1,0,1,1,1,0,1,1,1,1,1,1
COG:COG0732,1,0,1,1,0,1,1,1,1,1,1,1,1,1,1,1
COG:COG1314,1,1,1,1,1,1,1,1,1,0,1,1,1,1,1,1
COG:COG3772,1,0,1,1,1,0,1,1,1,0,1,1,1,1,1,1
COG:COG2852,1,1,1,0,1,0,1,1,1,0,1,1,1,1,1,1
COG:COG0471,1,1,1,1,1,1,1,1,1,0,1,1,1,1,1,1
COG:COG1715,1,1,1,0,1,1,1,1,1,0,1,1,1,1,1,1
COG:COG1944,1,0,1,1,1,1,1,1,1,0,1,1,1,1,1,1
COG:COG1079,1,1,1,0,1,0,1,1,1,0,1,1,1,1,1,1
COG:COG0630,1,0,1,0,1,1,1,0,1,1,1,1,1,1,1,1
COG:COG0702,1,1,1,0,0,1,1,1,1,1,1,1,1,1,1,1
COG:COG0737,1,0,1,0,1,0,1,1,1,0,1,1,1,1,1,1
COG:COG2977,1,1,1,1,1,1,1,1,1,0,1,1,1,1,1,1
COG:COG2310,1,1,1,1,0,0,1,1,1,0,1,1,1,1,1,1
COG:COG3647,1,1,1,1,1,0,1,1,1,0,1,1,1,1,1,1
COG:COG5265,1,1,1,1,1,1,1,1,1,0,1,1,1,1,1,1
COG:COG3121,1,1,1,0,1,1,1,1,1,0,1,1,1,1,1,1
COG:COG0038,1,1,1,0,0,1,1,1,1,0,1,1,1,1,1,1
COG:COG0209,1,1,1,1,0,0,1,1,1,1,1,1,1,1,1,1
COG:COG0807,1,1,1,1,1,1,1,1,1,0,1,1,1,1,1,1
COG:COG4663,1,1,1,1,1,0,1,1,1,0,1,1,1,1,1,1
COG:COG1795,1,0,1,0,0,1,1,1,1,0,1,1,1,1,1,1
COG:COG2039,1,1,1,1,1,1,1,1,1,0,1,0,1,1,1,1
COG:COG3424,1,1,1,0,0,1,1,1,1,1,1,1,1,1,1,1
COG:COG5569,1,0,1,0,1,1,1,1,1,0,1,1,1,1,1,1
COG:COG3210,1,0,1,1,1,1,1,1,1,0,1,1,1,1,1,1
COG:COG2309,1,0,1,1,0,1,1,1,1,0,1,1,1,1,1,1
COG:COG4115,1,0,1,1,1,1,1,1,1,0,1,1,1,1,1,1
COG:COG0270,1,1,1,1,1,1,1,1,1,1,1,1,1,1,1,1
COG:COG0698,1,0,1,1,1,1,1,1,1,0,1,0,1,1,1,1
COG:COG3195,1,0,1,0,1,1,1,1,1,1,1,1,1,1,1,1
COG:COG3077,1,0,1,1,1,1,1,1,1,0,1,1,1,1,1,1
COG:COG0515,1,0,1,1,1,1,1,1,1,0,1,1,1,1,1,1
COG:COG3608,1,1,1,1,1,1,1,1,1,0,1,1,1,1,1,1
COG:COG5285,1,0,1,1,1,0,1,1,1,0,1,1,1,1,1,1
COG:COG4796,1,0,1,1,1,1,1,1,1,0,1,1,1,1,1,1
COG:COG1234,1,0,1,1,1,1,1,1,1,0,1,1,1,1,1,1
COG:COG3473,1,1,1,1,1,1,1,1,1,0,1,1,1,1,1,1
COG:COG2390,1,1,1,1,1,1,1,1,1,0,1,0,1,1,1,1
COG:COG3469,1,1,1,1,1,1,1,1,1,1,1,0,1,1,1,1
COG:COG0146,1,1,1,1,0,1,1,1,1,0,1,1,1,1,1,1
COG:COG1185,1,1,1,0,1,1,1,0,1,0,1,1,1,1,1,1
COG:COG3190,1,1,1,1,1,1,1,1,1,0,1,1,1,1,1,1
COG:COG1387,1,0,1,0,0,0,1,0,1,1,1,1,1,1,1,1
COG:COG1653,1,0,1,0,0,1,1,1,1,0,1,1,1,1,1,1
COG:COG0286,1,0,1,0,1,0,1,1,1,1,1,1,1,1,1,1
COG:COG0145,1,1,1,1,0,1,1,1,1,0,1,1,1,1,1,1
COG:COG4461,0,1,1,0,1,0,0,1,1,0,1,1,1,1,1,1
COG:COG2819,1,1,1,1,1,0,1,1,1,0,1,1,1,1,1,1
COG:COG2346,1,0,1,1,1,0,1,1,1,0,1,1,1,1,1,1
COG:COG2032,1,1,1,1,1,1,1,1,1,0,1,1,1,1,1,1
COG:COG4220,1,1,1,0,1,0,1,1,1,0,1,1,1,1,1,1
COG:COG0738,1,1,1,0,0,1,1,1,1,0,1,1,1,1,1,1
COG:COG1712,1,0,1,0,1,0,1,1,1,1,1,1,1,1,1,1
COG:COG0829,1,1,1,0,1,1,1,1,1,0,1,1,1,1,1,1
COG:COG1262,1,1,1,0,1,1,1,1,1,0,1,1,1,1,1,1
COG:COG4569,1,1,1,1,0,1,1,1,1,0,1,1,1,1,1,1
COG:COG3405,1,1,1,0,1,1,1,1,1,0,1,1,1,1,1,1
COG:COG4264,1,0,1,1,1,1,1,1,1,0,1,1,1,1,1,1
COG:COG2115,1,1,1,1,1,1,1,1,1,0,1,0,1,1,1,1
COG:COG0128,1,1,1,1,1,1,1,1,1,0,1,0,1,1,1,1
COG:COG2244,1,1,1,1,1,1,1,1,1,0,1,1,1,1,1,1
COG:COG3395,1,1,1,0,1,1,1,1,1,0,1,1,1,1,1,1
COG:COG3663,1,0,1,1,1,1,1,1,1,0,1,1,1,1,1,1
COG:COG3451,1,0,1,1,1,1,1,0,1,1,1,1,1,1,1,1
COG:COG2040,1,1,1,1,1,1,1,1,1,0,1,1,1,1,1,1
COG:COG3474,1,1,1,0,1,1,1,1,1,0,1,1,1,1,1,1
COG:COG2184,1,0,1,0,1,1,1,1,1,0,1,1,1,1,1,1
COG:COG3459,1,1,1,0,1,0,1,1,1,0,1,1,1,1,1,1
COG:COG3765,1,1,1,1,1,0,1,1,1,1,1,1,1,1,1,1
COG:COG2151,1,1,1,1,1,1,1,1,1,0,1,1,1,1,1,1
COG:COG3327,1,1,1,1,1,1,1,1,1,0,1,1,1,1,1,1
COG:COG3539,1,0,1,1,1,1,1,1,1,0,1,1,1,1,1,1
COG:COG3460,1,1,1,1,1,1,1,1,1,0,1,1,1,1,1,1
COG:COG3385,1,1,1,1,1,1,1,1,1,0,1,1,1,1,1,1
COG:COG3396,1,1,1,1,1,1,1,1,1,0,1,1,1,1,1,1
COG:COG3510,1,0,1,0,1,1,1,1,1,0,1,1,1,1,1,1
COG:COG2172,1,1,1,1,1,1,1,1,1,0,1,1,1,1,1,1
COG:COG4456,1,1,1,1,1,1,1,1,1,0,1,1,1,1,1,1
COG:COG0076,1,1,1,1,1,1,1,1,1,0,1,1,1,1,1,1
COG:COG3729,1,1,1,1,1,1,1,1,1,1,1,1,1,1,1,1
COG:COG2503,1,0,1,0,1,1,1,1,1,1,1,1,1,1,1,1
COG:COG2246,1,1,1,1,1,1,1,1,1,0,1,1,1,1,1,1
COG:COG4969,1,0,1,1,1,1,1,1,1,1,1,1,1,1,1,1
COG:COG3476,1,1,1,1,1,1,1,1,1,0,1,1,1,1,1,1
COG:COG3958,1,1,1,1,1,1,1,1,1,0,1,1,1,1,1,1
COG:COG3959,1,1,1,1,1,1,1,1,1,0,1,1,1,1,1,1
COG:COG3227,1,1,1,1,1,0,1,1,1,1,1,1,1,1,1,1
COG:COG2989,1,1,1,1,1,1,1,1,1,0,1,1,1,1,1,1
COG:COG4214,1,1,1,1,1,1,1,1,1,0,1,1,1,1,1,1
COG:COG4213,1,1,1,1,1,1,1,1,1,0,1,1,1,1,1,1
COG:COG3546,1,1,1,1,1,1,1,1,1,1,1,1,1,1,1,1
COG:COG1231,1,0,1,1,1,1,1,1,1,0,1,1,1,1,1,1
COG:COG1177,1,1,1,1,1,1,1,1,1,0,1,1,1,1,1,1
COG:COG5507,1,0,1,1,1,1,1,1,1,0,1,1,1,1,1,1
COG:COG1803,1,1,1,0,1,1,1,1,1,0,1,1,1,1,1,1
COG:COG1541,1,1,1,1,1,1,1,1,1,0,1,1,1,1,1,1
COG:COG0581,1,1,1,1,1,1,1,1,1,0,1,1,1,1,1,1
COG:COG3618,1,1,1,1,1,1,1,1,1,0,1,1,1,1,1,1
COG:COG0798,1,1,1,1,1,0,1,1,1,1,1,1,1,1,1,1
COG:COG0573,1,1,1,1,1,1,1,1,1,0,1,1,1,1,1,1
COG:COG2161,1,0,1,1,1,1,1,1,1,0,1,1,1,1,1,1
COG:COG2846,1,0,1,1,1,0,1,1,1,0,1,1,1,1,1,1
COG:COG2321,1,1,1,1,1,1,1,1,1,0,1,1,1,1,1,1
COG:COG5266,1,1,1,0,1,1,1,1,1,0,1,1,1,1,1,1
COG:COG5499,1,0,1,1,1,1,1,1,1,0,1,1,1,1,1,1
COG:COG2944,1,1,1,0,1,1,1,1,1,0,1,1,1,1,1,1
COG:COG2376,1,0,1,1,1,1,1,1,1,0,1,0,1,1,1,1
COG:COG3245,1,1,1,0,1,1,1,1,1,0,1,1,1,1,1,1
COG:COG2826,1,1,1,1,1,1,1,1,1,0,1,1,1,1,1,1
COG:COG4680,1,0,1,1,1,1,1,1,1,0,1,1,1,1,1,1
COG:COG3685,1,1,1,1,1,1,1,1,1,1,1,1,1,1,1,1
COG:COG0018,1,0,1,1,1,1,1,1,1,1,1,1,1,1,1,1
COG:COG1083,1,0,1,1,1,1,1,1,1,0,1,1,1,1,1,1
COG:COG1487,1,1,1,1,1,1,1,1,1,0,1,1,1,1,1,1
COG:COG1366,1,1,1,1,1,1,1,1,1,0,1,1,1,1,1,1
COG:COG2089,1,0,1,1,1,1,1,1,1,0,1,1,1,1,1,1
COG:COG4359,1,1,1,1,1,1,1,1,1,0,1,1,1,1,1,1
COG:COG3283,1,1,1,1,1,1,1,1,1,0,1,1,1,1,1,1
COG:COG3093,1,0,1,1,1,1,1,1,1,0,1,1,1,1,1,1
COG:COG3083,1,1,1,1,0,0,1,1,1,1,1,1,1,1,1,1
COG:COG1418,1,1,1,0,1,1,1,1,1,0,1,1,1,1,1,1
COG:COG0473,1,1,1,0,1,1,1,1,1,0,1,1,1,1,1,1
COG:COG2372,1,1,1,1,1,1,1,1,1,0,1,1,1,1,1,1
COG:COG2170,1,1,1,1,1,1,1,1,1,1,1,1,1,1,1,1
COG:COG4779,1,1,1,1,0,0,1,1,1,1,1,1,1,1,1,1
COG:COG2190,1,1,1,1,1,1,1,1,1,0,1,1,1,1,1,1
COG:COG1942,1,1,1,1,1,1,1,1,1,1,1,1,1,1,1,1
COG:COG3829,1,1,1,1,1,0,1,1,1,1,1,1,1,1,1,1
COG:COG3256,1,1,1,1,0,0,1,1,1,1,1,1,1,1,1,1
COG:COG1276,1,1,1,1,1,1,1,1,1,0,1,1,1,1,1,1
COG:COG0552,1,1,1,1,1,1,1,1,1,0,1,1,1,1,1,1
COG:COG1610,1,1,1,1,0,0,1,1,1,1,1,1,1,1,1,1
COG:COG2602,1,1,1,1,0,0,1,1,1,1,1,1,1,1,1,1
COG:COG0810,1,1,1,1,0,0,1,1,1,1,1,1,1,1,1,1
COG:COG0351,1,1,1,1,0,0,1,1,1,1,1,1,1,1,1,1
COG:COG3631,1,1,1,1,0,0,1,1,1,1,1,1,1,1,1,1
COG:COG0530,1,1,1,0,1,1,1,1,1,0,1,1,1,1,1,1
COG:COG1918,1,1,1,1,0,0,1,1,1,1,1,1,1,1,1,1
COG:COG1263,1,1,1,1,1,1,1,1,1,0,1,1,1,1,1,1
COG:COG0428,1,1,1,1,0,0,1,1,1,1,1,1,1,1,1,1
COG:COG4654,1,1,1,1,0,0,1,1,1,1,1,1,1,1,1,1
COG:COG2960,1,1,1,1,0,0,1,1,1,1,1,1,1,1,1,1
COG:COG2202,1,1,1,1,0,0,1,1,1,1,1,1,1,1,1,1
COG:COG3916,1,1,1,1,0,0,1,1,1,1,1,1,1,1,1,1
COG:COG3152,1,1,1,1,0,1,1,1,1,1,1,1,1,1,1,1
COG:COG3236,1,1,1,1,0,0,1,1,1,1,1,1,1,1,1,1
COG:COG1842,1,1,1,1,1,0,1,1,1,1,1,1,1,1,1,1
COG:COG2230,1,1,1,1,1,1,1,1,1,0,1,1,1,1,1,1
COG:COG3046,1,1,1,1,1,1,1,1,1,0,1,1,1,1,1,1
COG:COG0370,1,1,1,1,0,0,1,1,1,1,1,1,1,1,1,1
COG:COG3760,1,1,1,1,0,1,1,1,1,1,1,1,1,1,1,1
COG:COG0463,1,1,1,1,1,1,1,1,1,0,1,1,1,1,1,1
COG:COG0754,1,0,1,1,1,1,1,1,1,0,1,1,1,1,1,1
COG:COG1168,1,1,1,1,1,1,1,1,1,0,1,1,1,1,1,1
COG:COG4585,1,1,1,1,0,0,1,1,1,1,1,1,1,1,1,1
COG:COG4592,1,1,1,1,0,0,1,1,1,1,1,1,1,1,1,1
COG:COG1696,1,1,1,1,1,1,1,1,1,0,1,1,1,1,1,1
COG:COG1556,1,1,1,1,1,0,1,1,1,0,1,1,1,1,1,1
COG:COG3072,1,1,1,1,1,1,1,1,1,1,1,1,1,1,1,1
COG:COG0561,1,1,1,1,1,1,1,1,1,0,1,1,1,1,1,1
COG:COG3718,1,1,1,1,1,1,1,1,1,0,1,1,1,1,1,1
COG:COG1626,1,1,1,1,1,0,1,1,1,1,1,1,1,1,1,1
COG:COG1082,1,1,1,1,1,1,1,1,1,0,1,1,1,1,1,1
COG:COG2373,1,1,1,1,1,1,1,1,1,0,1,1,1,1,1,1
COG:COG4335,1,1,1,1,1,1,1,1,1,0,1,1,1,1,1,1
COG:COG3962,1,1,1,1,1,1,1,1,1,0,1,1,1,1,1,1
COG:COG1139,1,1,1,1,1,0,1,1,1,0,1,1,1,1,1,1
COG:COG2703,1,1,1,1,0,0,1,1,1,1,1,1,1,1,1,1
COG:COG1254,1,1,1,1,1,0,1,1,1,1,1,1,1,1,1,1
COG:COG2110,1,1,1,1,0,0,1,1,1,1,1,1,1,1,1,1
COG:COG4319,1,1,1,1,1,1,1,1,1,1,1,1,1,1,1,1
COG:COG1017,1,1,1,1,1,1,1,1,1,0,1,1,1,1,1,1
COG:COG1087,1,1,1,1,1,1,1,1,1,0,1,1,1,1,1,1
COG:COG3149,1,1,1,1,1,0,1,1,1,1,1,1,1,1,1,1
COG:COG0643,1,1,1,1,1,1,1,1,1,0,1,1,1,1,1,1
COG:COG2720,1,1,1,1,0,0,1,1,1,1,1,1,1,1,1,1
COG:COG3241,1,1,1,1,1,0,1,1,1,1,1,1,1,1,1,1
COG:COG1834,1,1,1,1,1,1,1,1,1,1,1,1,1,1,1,1
COG:COG2109,1,1,1,1,1,0,1,1,1,1,1,1,1,1,1,1
COG:COG1943,1,1,1,1,1,0,1,1,1,1,1,1,1,1,1,1
COG:COG2822,1,1,1,1,1,1,1,1,1,0,1,1,1,1,1,1
COG:COG4953,1,1,1,1,1,1,1,1,1,0,1,1,1,1,1,1
COG:COG1961,1,1,1,1,1,1,1,1,1,1,1,1,1,1,1,1
COG:COG0387,1,1,1,1,1,1,1,1,1,0,1,1,1,1,1,1
COG:COG1226,1,1,1,1,1,0,1,1,1,1,1,1,1,1,1,1
COG:COG2234,1,1,1,1,1,0,1,1,1,1,1,1,1,1,1,1
COG:COG4307,1,1,1,1,1,1,1,1,1,0,1,1,1,1,1,1
COG:COG3734,1,1,1,1,1,1,1,1,1,0,1,1,1,1,1,1
COG:COG1988,1,1,1,1,0,0,1,1,1,1,1,1,1,1,1,1
COG:COG2026,1,1,1,1,1,1,1,1,1,0,1,1,1,1,1,1
COG:COG2065,1,1,1,1,0,0,1,1,1,1,1,1,1,1,1,1
COG:COG1122,1,1,1,1,1,1,1,1,1,1,1,1,1,1,1,1
COG:COG2368,1,1,1,1,1,1,1,1,1,1,1,1,1,1,1,1
COG:COG3511,1,1,1,1,1,1,1,1,1,1,1,1,1,1,1,1
COG:COG0785,1,1,1,1,1,1,1,1,1,0,1,1,1,1,1,1
COG:COG3720,1,1,1,1,1,0,1,1,1,1,1,1,1,1,1,1
COG:COG1738,1,1,1,1,1,0,1,1,1,1,1,1,1,1,1,1
COG:COG2113,1,1,1,1,1,1,1,1,1,1,1,1,1,1,1,1
COG:COG4804,1,1,1,1,1,1,1,1,1,1,1,1,1,1,1,1
COG:COG1397,1,1,1,1,1,1,1,1,1,0,1,1,1,1,1,1
COG:COG1677,1,1,1,1,1,0,1,1,1,1,1,1,1,1,1,1
COG:COG3239,1,1,1,1,1,0,1,1,1,1,1,1,1,1,1,1
COG:COG3397,1,1,1,1,1,1,1,1,1,1,1,1,1,1,1,1
COG:COG2168,1,1,1,1,1,0,1,1,1,1,1,1,1,1,1,1
COG:COG4791,1,1,1,1,1,1,1,1,1,1,1,1,1,1,1,1
COG:COG3086,1,1,1,1,1,0,1,1,1,1,1,1,1,1,1,1
COG:COG1075,1,1,1,1,1,0,1,1,1,1,1,1,1,1,1,1
COG:COG4336,1,1,1,1,0,1,1,1,1,1,1,1,1,1,1,1
COG:COG4580,1,1,1,1,1,1,1,1,1,0,1,1,1,1,1,1
COG:COG3248,1,1,1,1,1,1,1,1,1,0,1,1,1,1,1,1
COG:COG4794,1,1,1,1,1,1,1,1,1,1,1,1,1,1,1,1
COG:COG2329,1,1,1,1,1,1,1,1,1,0,1,1,1,1,1,1
COG:COG1726,1,1,1,1,1,0,1,1,1,1,1,1,1,1,1,1
COG:COG1805,1,1,1,1,1,0,1,1,1,1,1,1,1,1,1,1
COG:COG5380,1,1,1,1,1,0,1,1,1,1,1,1,1,1,1,1
COG:COG2878,1,1,1,1,1,0,1,1,1,1,1,1,1,1,1,1
COG:COG2869,1,1,1,1,1,0,1,1,1,1,1,1,1,1,1,1
COG:COG2871,1,1,1,1,1,0,1,1,1,1,1,1,1,1,1,1
COG:COG1296,1,1,1,1,1,1,1,1,1,0,1,1,1,1,1,1
COG:COG1347,1,1,1,1,1,0,1,1,1,1,1,1,1,1,1,1
COG:COG2209,1,1,1,1,1,0,1,1,1,1,1,1,1,1,1,1
COG:COG0447,1,1,1,1,1,1,1,1,1,1,1,1,1,1,1,1
COG:COG3025,1,1,1,1,1,0,1,1,1,1,1,1,1,1,1,1
COG:COG1124,1,1,1,1,1,1,1,1,1,0,1,1,1,1,1,1
COG:COG1971,1,1,1,1,0,1,1,1,1,1,1,1,1,1,1,1
COG:COG2717,1,1,1,1,1,0,1,1,1,1,1,1,1,1,1,1
COG:COG2706,1,1,1,1,0,1,1,1,1,1,1,1,1,1,1,1
COG:COG1770,1,0,1,1,1,1,1,1,1,0,1,1,1,1,1,1
COG:COG2148,1,1,1,1,1,1,1,1,1,1,1,1,1,1,1,1
COG:COG3624,1,1,1,1,1,1,1,1,1,1,1,1,1,1,1,1
COG:COG3627,1,1,1,1,1,1,1,1,1,1,1,1,1,1,1,1
COG:COG0376,1,1,1,1,1,1,1,1,1,0,1,1,1,1,1,1
COG:COG1859,1,1,1,1,1,0,1,1,1,1,1,1,1,1,1,1
COG:COG4778,1,1,1,1,1,1,1,1,1,1,1,1,1,1,1,1
COG:COG3626,1,1,1,1,1,1,1,1,1,1,1,1,1,1,1,1
COG:COG1555,1,1,1,1,1,1,1,1,1,0,1,1,1,1,1,1
COG:COG0677,1,1,1,1,1,1,1,1,1,1,1,1,1,1,1,1
COG:COG1357,1,1,1,1,1,0,1,1,1,1,1,1,1,1,1,1
COG:COG1169,1,1,1,1,1,1,1,1,1,1,1,1,1,1,1,1
COG:COG4107,1,1,1,1,1,1,1,1,1,1,1,1,1,1,1,1
COG:COG4117,1,1,1,1,0,1,1,1,1,1,1,1,1,1,1,1
COG:COG0430,1,1,1,1,1,1,1,1,1,1,1,1,1,1,1,1
COG:COG3454,1,1,1,1,1,1,1,1,1,1,1,1,1,1,1,1
COG:COG2816,1,1,1,1,1,0,1,1,1,1,1,1,1,1,1,1
COG:COG3625,1,1,1,1,1,1,1,1,1,1,1,1,1,1,1,1
COG:COG1320,1,1,1,1,1,0,1,1,1,1,1,1,1,1,1,1
COG:COG0672,1,1,1,1,1,1,1,1,1,0,1,1,1,1,1,1
COG:COG1123,1,1,1,1,1,1,1,1,1,0,1,1,1,1,1,1
COG:COG1680,1,1,1,1,1,1,1,1,1,1,1,1,1,1,1,1
COG:COG0381,1,1,1,1,1,1,1,1,1,1,1,1,1,1,1,1
COG:COG1021,1,1,1,1,1,1,1,1,1,1,1,1,1,1,1,1
COG:COG2017,1,1,1,1,1,1,1,1,1,0,1,1,1,1,1,1
COG:COG2861,1,1,1,1,1,1,1,1,1,1,1,1,1,1,1,1
COG:COG1495,1,1,1,1,1,1,1,1,1,0,1,1,1,1,1,1
COG:COG3387,1,1,1,1,1,1,1,1,1,0,1,1,1,1,1,1
COG:COG4608,1,1,1,1,1,1,1,1,1,1,1,1,1,1,1,1
COG:COG1823,1,1,1,1,1,1,1,1,1,0,1,1,1,1,1,1
COG:COG0291,1,1,1,1,1,0,1,1,1,1,1,1,1,1,1,1
COG:COG0594,1,1,1,1,1,1,1,1,1,1,1,1,1,1,1,1
COG:COG1926,1,0,1,1,1,0,1,1,1,0,1,1,1,1,1,1
COG:COG3098,1,1,1,1,1,1,1,1,1,1,1,1,1,1,1,1
COG:COG2068,1,1,1,1,1,1,1,1,1,1,1,1,1,1,1,1
COG:COG2959,1,1,1,1,1,1,1,1,1,0,1,1,1,1,1,1
COG:COG0791,1,1,1,1,1,1,1,1,1,0,1,1,1,1,1,1
COG:COG2909,1,1,1,1,1,1,1,1,1,0,1,1,1,1,1,1
COG:COG1020,1,1,1,1,1,1,1,1,1,1,1,1,1,1,1,1
COG:COG4790,1,1,1,1,1,1,1,1,1,1,1,1,1,1,1,1
COG:COG1277,1,1,1,1,1,0,1,1,1,1,1,1,1,1,1,1
COG:COG5567,1,1,1,1,1,1,1,1,1,1,1,1,1,1,1,1
COG:COG2384,1,1,1,1,1,1,1,1,1,0,1,1,1,1,1,1
COG:COG5383,1,1,1,1,1,1,1,1,1,0,1,1,1,1,1,1
COG:COG0247,1,1,1,1,1,1,1,1,1,0,1,1,1,1,1,1
COG:COG2515,1,1,1,1,1,1,1,1,1,0,1,1,1,1,1,1
COG:COG2942,1,1,1,1,1,1,1,1,1,0,1,1,1,1,1,1
COG:COG3111,1,1,1,1,1,1,1,1,1,1,1,1,1,1,1,1
COG:COG1869,1,1,1,1,1,1,1,1,1,0,1,1,1,1,1,1
COG:COG3048,1,1,1,1,1,0,1,1,1,1,1,1,1,1,1,1
COG:COG3257,1,1,1,1,1,0,1,1,1,1,1,1,1,1,1,1
COG:COG3696,1,1,1,1,1,1,1,1,1,1,1,1,1,1,1,1
COG:COG0814,1,1,1,1,1,1,1,1,1,0,1,1,1,1,1,1
COG:COG3145,1,1,1,1,1,1,1,1,1,0,1,1,1,1,1,1
COG:COG1073,1,1,1,1,1,1,1,1,1,1,1,1,1,1,1,1
COG:COG1023,1,1,1,1,1,1,1,1,1,0,1,1,1,1,1,1
COG:COG0282,1,1,1,1,1,0,1,1,1,1,1,1,1,1,1,1
COG:COG4178,1,1,1,1,1,1,1,1,1,0,1,1,1,1,1,1
COG:COG2015,1,1,1,1,1,0,1,1,1,1,1,1,1,1,1,1
COG:COG3703,1,1,1,1,1,1,1,1,1,0,1,1,1,1,1,1
COG:COG2214,1,1,1,1,1,1,1,1,1,0,1,1,1,1,1,1
COG:COG0853,1,1,1,1,1,0,1,1,1,1,1,1,1,1,1,1
COG:COG4789,1,1,1,1,1,1,1,1,1,1,1,1,1,1,1,1
COG:COG2258,1,1,1,1,1,1,1,1,1,1,1,1,1,1,1,1
COG:COG3638,1,1,1,1,1,1,1,1,1,1,1,1,1,1,1,1
COG:COG3004,1,1,1,1,1,1,1,1,1,0,1,1,1,1,1,1
COG:COG2212,1,1,1,1,1,0,1,1,1,1,1,1,1,1,1,1
COG:COG1807,1,1,1,1,1,1,1,1,1,1,1,1,1,1,1,1
COG:COG1682,1,1,1,1,1,1,1,1,1,1,1,1,1,1,1,1
COG:COG0739,1,1,1,1,1,1,1,1,1,1,1,1,1,1,1,1
COG:COG3116,1,1,1,1,1,1,1,1,1,1,1,1,1,1,1,1
COG:COG1247,1,1,1,1,1,1,1,1,1,1,1,1,1,1,1,1
COG:COG0239,1,1,1,1,1,1,1,1,1,1,1,1,1,1,1,1
COG:COG0257,1,1,1,1,1,1,1,1,1,1,1,1,1,1,1,1
COG:COG1863,1,1,1,1,1,1,1,1,1,1,1,1,1,1,1,1
COG:COG3483,1,1,1,1,1,1,1,1,1,1,1,1,1,1,1,1
COG:COG3165,1,1,1,1,1,1,1,1,1,0,1,1,1,1,1,1
COG:COG2146,1,1,1,1,1,1,1,1,1,0,1,1,1,1,1,1
COG:COG0786,1,1,1,1,1,1,1,1,1,1,1,1,1,1,1,1
COG:COG5553,1,1,1,1,1,1,1,1,1,1,1,1,1,1,1,1
COG:COG1792,1,1,1,1,1,1,1,1,1,1,1,1,1,1,1,1
COG:COG3437,1,1,1,1,1,1,1,1,1,1,1,1,1,1,1,1
COG:COG1359,1,1,1,1,1,1,1,1,1,1,1,1,1,1,1,1
COG:COG3007,1,1,1,1,1,1,1,1,1,1,1,1,1,1,1,1
COG:COG1586,1,1,1,1,1,0,1,1,1,1,1,1,1,1,1,1
COG:COG5339,1,1,1,1,1,1,1,1,1,0,1,1,1,1,1,1
COG:COG2721,1,1,1,1,1,1,1,1,1,0,1,1,1,1,1,1
COG:COG1878,1,1,1,1,1,1,1,1,1,1,1,1,1,1,1,1
COG:COG0230,1,1,1,1,1,1,1,1,1,1,1,1,1,1,1,1
COG:COG2206,1,1,1,1,1,1,1,1,1,1,1,1,1,1,1,1
COG:COG0690,1,1,1,1,1,1,1,1,1,1,1,1,1,1,1,1
COG:COG2823,1,1,1,1,1,1,1,1,1,1,1,1,1,1,1,1
COG:COG1722,1,1,1,1,1,0,1,1,1,0,1,1,1,1,1,1
COG:COG3297,1,1,1,1,1,1,1,1,1,1,1,1,1,1,1,1
COG:COG0033,1,1,1,1,1,1,1,1,1,0,1,1,1,1,1,1
COG:COG0787,1,1,1,1,1,1,1,1,1,1,1,1,1,1,1,1
COG:COG2127,1,1,1,1,1,1,1,1,1,0,1,1,1,1,1,1
COG:COG5517,1,1,1,1,1,1,1,1,1,1,1,1,1,1,1,1
COG:COG2931,1,1,1,1,1,1,1,1,1,1,1,1,1,1,1,1
COG:COG1585,1,1,1,1,1,1,1,1,1,1,1,1,1,1,1,1
COG:COG2180,1,1,1,1,1,0,1,1,1,1,1,1,1,1,1,1
COG:COG2181,1,1,1,1,1,0,1,1,1,1,1,1,1,1,1,1
COG:COG5013,1,1,1,1,1,0,1,1,1,1,1,1,1,1,1,1
COG:COG1140,1,1,1,1,1,0,1,1,1,1,1,1,1,1,1,1
COG:COG0421,1,1,1,1,1,0,1,1,1,1,1,1,1,1,1,1
COG:COG0714,1,1,1,1,1,0,1,1,1,1,1,1,1,1,1,1
COG:COG2124,1,1,1,1,1,0,1,1,1,1,1,1,1,1,1,1
COG:COG1419,1,1,1,1,1,1,1,1,1,1,1,1,1,1,1,1
COG:COG2837,1,1,1,1,1,1,1,1,1,1,1,1,1,1,1,1
COG:COG0470,1,1,1,1,1,1,1,1,1,1,1,1,1,1,1,1
COG:COG1328,1,1,1,1,1,0,1,1,1,1,1,1,1,1,1,1
COG:COG3265,1,1,1,1,1,1,1,1,1,1,1,1,1,1,1,1
COG:COG1690,1,1,1,1,1,1,1,1,1,1,1,1,1,1,1,1
COG:COG4380,1,1,1,1,1,1,1,1,1,1,1,1,1,1,1,1
COG:COG2070,1,1,1,1,1,1,1,1,1,1,1,1,1,1,1,1
COG:COG3258,1,1,1,1,1,1,1,1,1,1,1,1,1,1,1,1
COG:COG0833,1,1,1,1,1,1,1,1,1,1,1,1,1,1,1,1
COG:COG2873,1,1,1,1,1,1,1,1,1,1,1,1,1,1,1,1
COG:COG1319,1,1,1,1,1,1,1,1,1,1,1,1,1,1,1,1
COG:COG1354,1,1,1,1,1,1,1,1,1,0,1,1,1,1,1,1
COG:COG2831,1,1,1,1,1,1,1,1,1,1,1,1,1,1,1,1
COG:COG2896,1,1,1,1,1,1,1,1,1,1,1,1,1,1,1,1
COG:COG1285,1,1,1,1,1,1,1,1,1,1,1,1,1,1,1,1
COG:COG4660,1,1,1,1,1,1,1,1,1,1,1,1,1,1,1,1
COG:COG0272,1,1,1,1,1,1,1,1,1,0,1,1,1,1,1,1
COG:COG3777,1,1,1,1,1,1,1,1,1,1,1,1,1,1,1,1
COG:COG1766,1,1,1,1,1,1,1,1,1,0,1,1,1,1,1,1
COG:COG4795,1,1,1,1,1,1,1,1,1,1,1,1,1,1,1,1
COG:COG0378,1,1,1,1,1,1,1,1,1,1,1,1,1,1,1,1
COG:COG0726,1,1,1,1,1,1,1,1,1,1,1,1,1,1,1,1
COG:COG0399,1,1,1,1,1,1,1,1,1,1,1,1,1,1,1,1
COG:COG2771,1,1,1,1,1,1,1,1,1,1,1,1,1,1,1,1
COG:COG1921,1,1,1,1,1,1,1,1,1,1,1,1,1,1,1,1
COG:COG0262,1,1,1,1,1,1,1,1,1,1,1,1,1,1,1,1
COG:COG5592,1,1,1,1,1,1,1,1,1,1,1,1,1,1,1,1
COG:COG3836,1,1,1,1,1,1,1,1,1,1,1,1,1,1,1,1
COG:COG1376,1,1,1,1,1,1,1,1,1,1,1,1,1,1,1,1
COG:COG1344,1,1,1,1,1,1,1,1,1,1,1,1,1,1,1,1
COG:COG1091,1,1,1,1,1,1,1,1,1,1,1,1,1,1,1,1
COG:COG3276,1,1,1,1,1,1,1,1,1,1,1,1,1,1,1,1
COG:COG0005,1,1,1,1,1,0,1,1,1,1,1,1,1,1,1,1
COG:COG0235,1,1,1,1,1,1,1,1,1,1,1,1,1,1,1,1
COG:COG4574,1,1,1,1,1,1,1,1,1,1,1,1,1,1,1,1
COG:COG2821,1,1,1,1,1,1,1,1,1,1,1,1,1,1,1,1
COG:COG2923,1,1,1,1,1,1,1,1,1,1,1,1,1,1,1,1
COG:COG2027,1,1,1,1,1,1,1,1,1,1,1,1,1,1,1,1
COG:COG0110,1,1,1,1,1,1,1,1,1,1,1,1,1,1,1,1
COG:COG3067,1,1,1,1,1,1,1,1,1,1,1,1,1,1,1,1
COG:COG2864,1,1,1,1,1,1,1,1,1,1,1,1,1,1,1,1
COG:COG3058,1,1,1,1,1,1,1,1,1,1,1,1,1,1,1,1
COG:COG0861,1,1,1,1,1,1,1,1,1,1,1,1,1,1,1,1
COG:COG4106,1,1,1,1,1,1,1,1,1,1,1,1,1,1,1,1
COG:COG0437,1,1,1,1,1,1,1,1,1,1,1,1,1,1,1,1
COG:COG3090,1,1,1,1,1,1,1,1,1,1,1,1,1,1,1,1
COG:COG4943,1,1,1,1,1,1,1,1,1,1,1,1,1,1,1,1
COG:COG1605,1,1,1,1,1,1,1,1,1,1,1,1,1,1,1,1
COG:COG2301,1,1,1,1,1,1,1,1,1,1,1,1,1,1,1,1
COG:COG3024,1,1,1,1,1,1,1,1,1,1,1,1,1,1,1,1
COG:COG1733,1,1,1,1,1,1,1,1,1,1,1,1,1,1,1,1
COG:COG1211,1,1,1,1,1,1,1,1,1,1,1,1,1,1,1,1
COG:COG1230,1,1,1,1,1,1,1,1,1,1,1,1,1,1,1,1
COG:COG1551,1,1,1,1,1,1,1,1,1,1,1,1,1,1,1,1
COG:COG1820,1,1,1,1,1,1,1,1,1,1,1,1,1,1,1,1
COG:COG1514,1,1,1,1,1,1,1,1,1,1,1,1,1,1,1,1
COG:COG3209,1,1,1,1,1,1,1,1,1,1,1,1,1,1,1,1
COG:COG3221,1,1,1,1,1,1,1,1,1,1,1,1,1,1,1,1
COG:COG3039,1,1,1,1,1,1,1,1,1,1,1,1,1,1,1,1
COG:COG1903,1,1,1,1,1,1,1,1,1,1,1,1,1,1,1,1
COG:COG1236,1,1,1,1,1,1,1,1,1,1,1,1,1,1,1,1
COG:COG2135,1,1,1,1,1,1,1,1,1,1,1,1,1,1,1,1
COG:COG1473,1,1,1,1,1,1,1,1,1,1,1,1,1,1,1,1
COG:COG4659,1,1,1,1,1,1,1,1,1,1,1,1,1,1,1,1
COG:COG2854,1,1,1,1,1,1,1,1,1,1,1,1,1,1,1,1
COG:COG1559,1,1,1,1,1,1,1,1,1,1,1,1,1,1,1,1
COG:COG2220,1,1,1,1,1,1,1,1,1,1,1,1,1,1,1,1
COG:COG3156,1,1,1,1,1,1,1,1,1,1,1,1,1,1,1,1
COG:COG0623,1,1,1,1,1,1,1,1,1,1,1,1,1,1,1,1
COG:COG1513,1,1,1,1,1,1,1,1,1,1,1,1,1,1,1,1
COG:COG0403,1,1,1,1,1,1,1,1,1,1,1,1,1,1,1,1
COG:COG2162,1,1,1,1,1,1,1,1,1,1,1,1,1,1,1,1
COG:COG0384,1,1,1,1,1,1,1,1,1,1,1,1,1,1,1,1
COG:COG2059,1,1,1,1,1,1,1,1,1,1,1,1,1,1,1,1
COG:COG0354,1,1,1,1,1,1,1,1,1,1,1,1,1,1,1,1
COG:COG1600,1,1,1,1,1,1,1,1,1,1,1,1,1,1,1,1
COG:COG3540,1,1,1,1,1,1,1,1,1,1,1,1,1,1,1,1
COG:COG1462,1,1,1,1,1,1,1,1,1,1,1,1,1,1,1,1
COG:COG1937,1,1,1,1,1,1,1,1,1,1,1,1,1,1,1,1
COG:COG4638,1,1,1,1,1,1,1,1,1,1,1,1,1,1,1,1
COG:COG0715,1,1,1,1,1,1,1,1,1,1,1,1,1,1,1,1
COG:COG1267,1,1,1,1,1,1,1,1,1,1,1,1,1,1,1,1
COG:COG1183,1,1,1,1,1,1,1,1,1,1,1,1,1,1,1,1
COG:COG1858,1,1,1,1,1,1,1,1,1,1,1,1,1,1,1,1
COG:COG3136,1,1,1,1,1,1,1,1,1,1,1,1,1,1,1,1
COG:COG1304,1,1,1,1,1,1,1,1,1,1,1,1,1,1,1,1
COG:COG4160,1,1,1,1,1,1,1,1,1,1,1,1,1,1,1,1
COG:COG2080,1,1,1,1,1,1,1,1,1,1,1,1,1,1,1,1
COG:COG0657,1,1,1,1,1,1,1,1,1,1,1,1,1,1,1,1
COG:COG1181,1,1,1,1,1,1,1,1,1,1,1,1,1,1,1,1
COG:COG4149,1,1,1,1,1,1,1,1,1,1,1,1,1,1,1,1
COG:COG4771,1,1,1,1,1,1,1,1,1,1,1,1,1,1,1,1
COG:COG1853,1,1,1,1,1,1,1,1,1,1,1,1,1,1,1,1
COG:COG1450,1,1,1,1,1,1,1,1,1,1,1,1,1,1,1,1
COG:COG2079,1,1,1,1,1,1,1,1,1,1,1,1,1,1,1,1
COG:COG0122,1,1,1,1,1,1,1,1,1,1,1,1,1,1,1,1
COG:COG1022,1,1,1,1,1,1,1,1,1,1,1,1,1,1,1,1
COG:COG0246,1,1,1,1,1,1,1,1,1,1,1,1,1,1,1,1
COG:COG3240,1,1,1,1,1,1,1,1,1,1,1,1,1,1,1,1
COG:COG2008,1,1,1,1,1,1,1,1,1,1,1,1,1,1,1,1
COG:COG1273,1,1,1,1,1,1,1,1,1,1,1,1,1,1,1,1
COG:COG2073,1,1,1,1,1,1,1,1,1,1,1,1,1,1,1,1
COG:COG2307,1,1,1,1,1,1,1,1,1,1,1,1,1,1,1,1
COG:COG1767,1,1,1,1,1,1,1,1,1,1,1,1,1,1,1,1
COG:COG1526,1,1,1,1,1,1,1,1,1,1,1,1,1,1,1,1
COG:COG2964,1,1,1,1,1,1,1,1,1,1,1,1,1,1,1,1
COG:COG3230,1,1,1,1,1,1,1,1,1,1,1,1,1,1,1,1
COG:COG0783,1,1,1,1,1,1,1,1,1,1,1,1,1,1,1,1
COG:COG0462,1,1,1,1,1,1,1,1,1,1,1,1,1,1,1,1
COG:COG1793,1,1,1,1,1,1,1,1,1,1,1,1,1,1,1,1
COG:COG0346,1,1,1,1,1,1,1,1,1,1,1,1,1,1,1,1
COG:COG0334,1,1,1,1,1,1,1,1,1,1,1,1,1,1,1,1
COG:COG2271,1,1,1,1,1,1,1,1,1,1,1,1,1,1,1,1
COG:COG2764,1,1,1,1,1,1,1,1,1,1,1,1,1,1,1,1
COG:COG4829,1,1,1,1,1,1,1,1,1,1,1,1,1,1,1,1
COG:COG0025,1,1,1,1,1,1,1,1,1,1,1,1,1,1,1,1
COG:COG0671,1,1,1,1,1,1,1,1,1,1,1,1,1,1,1,1
COG:COG3938,1,1,1,1,1,1,1,1,1,1,1,1,1,1,1,1
COG:COG2223,1,1,1,1,1,0,1,1,1,1,1,1,1,1,1,1
COG:COG0075,1,1,1,1,1,1,1,1,1,1,1,1,1,1,1,1
COG:COG0846,1,1,1,1,1,1,1,1,1,1,1,1,1,1,1,1
COG:COG4452,1,1,1,1,1,1,1,1,1,1,1,1,1,1,1,1
COG:COG4137,1,1,1,1,1,1,1,1,1,1,1,1,1,1,1,1
COG:COG1957,1,1,1,1,1,1,1,1,1,1,1,1,1,1,1,1
COG:COG3251,1,1,1,1,1,1,1,1,1,1,1,1,1,1,1,1
COG:COG0303,1,1,1,1,1,1,1,1,1,1,1,1,1,1,1,1
COG:COG4658,1,1,1,1,1,1,1,1,1,1,1,1,1,1,1,1
COG:COG0413,1,1,1,1,1,1,1,1,1,1,1,1,1,1,1,1
COG:COG0388,1,1,1,1,1,1,1,1,1,1,1,1,1,1,1,1
COG:COG0392,1,1,1,1,1,1,1,1,1,1,1,1,1,1,1,1
COG:COG4615,1,1,1,1,1,1,1,1,1,1,1,1,1,1,1,1
COG:COG1364,1,1,1,1,1,1,1,1,1,1,1,1,1,1,1,1
COG:COG3188,1,1,1,1,1,1,1,1,1,1,1,1,1,1,1,1
COG:COG2938,1,1,1,1,1,1,1,1,1,1,1,1,1,1,1,1
COG:COG1846,1,1,1,1,1,1,1,1,1,1,1,1,1,1,1,1
COG:COG2375,1,1,1,1,1,1,1,1,1,1,1,1,1,1,1,1
COG:COG0631,1,1,1,1,1,1,1,1,1,1,1,1,1,1,1,1
COG:COG2116,1,1,1,1,1,1,1,1,1,1,1,1,1,1,1,1
COG:COG1125,1,1,1,1,1,1,1,1,1,1,1,1,1,1,1,1
COG:COG1250,1,1,1,1,1,1,1,1,1,1,1,1,1,1,1,1
COG:COG4772,1,1,1,1,1,1,1,1,1,1,1,1,1,1,1,1
COG:COG1638,1,1,1,1,1,1,1,1,1,1,1,1,1,1,1,1
COG:COG4558,1,1,1,1,1,1,1,1,1,1,1,1,1,1,1,1
COG:COG1652,1,1,1,1,1,1,1,1,1,1,1,1,1,1,1,1
COG:COG4525,1,1,1,1,1,1,1,1,1,1,1,1,1,1,1,1
COG:COG1732,1,1,1,1,1,1,1,1,1,1,1,1,1,1,1,1
COG:COG1593,1,1,1,1,1,1,1,1,1,1,1,1,1,1,1,1
COG:COG4521,1,1,1,1,1,1,1,1,1,1,1,1,1,1,1,1
COG:COG1172,1,1,1,1,1,1,1,1,1,1,1,1,1,1,1,1
COG:COG1174,1,1,1,1,1,1,1,1,1,1,1,1,1,1,1,1
COG:COG2423,1,1,1,1,1,1,1,1,1,1,1,1,1,1,1,1
COG:COG1477,1,1,1,1,1,1,1,1,1,1,1,1,1,1,1,1
COG:COG1396,1,1,1,1,1,1,1,1,1,1,1,1,1,1,1,1
COG:COG0705,1,1,1,1,1,1,1,1,1,1,1,1,1,1,1,1
COG:COG2716,1,1,1,1,1,1,1,1,1,1,1,1,1,1,1,1
COG:COG0830,1,1,1,1,1,1,1,1,1,1,1,1,1,1,1,1
COG:COG0577,1,1,1,1,1,1,1,1,1,1,1,1,1,1,1,1
COG:COG3008,1,1,1,1,1,1,1,1,1,1,1,1,1,1,1,1
COG:COG2235,1,1,1,1,1,1,1,1,1,1,1,1,1,1,1,1
COG:COG1070,1,1,1,1,1,1,1,1,1,1,1,1,1,1,1,1
COG:COG0582,1,1,1,1,1,1,1,1,1,1,1,1,1,1,1,1
COG:COG1843,1,1,1,1,1,1,1,1,1,1,1,1,1,1,1,1
COG:COG1063,1,1,1,1,1,1,1,1,1,1,1,1,1,1,1,1
COG:COG2987,1,1,1,1,1,1,1,1,1,1,1,1,1,1,1,1
COG:COG2274,1,1,1,1,1,1,1,1,1,1,1,1,1,1,1,1
COG:COG1457,1,1,1,1,1,1,1,1,1,1,1,1,1,1,1,1
COG:COG2194,1,1,1,1,1,1,1,1,1,1,1,1,1,1,1,1
COG:COG3835,1,1,1,1,1,1,1,1,1,1,1,1,1,1,1,1
COG:COG2911,1,1,1,1,1,1,1,1,1,1,1,1,1,1,1,1
COG:COG0658,1,1,1,1,1,1,1,1,1,1,1,1,1,1,1,1
COG:COG4175,1,1,1,1,1,1,1,1,1,1,1,1,1,1,1,1
COG:COG2804,1,1,1,1,1,1,1,1,1,1,1,1,1,1,1,1
COG:COG2917,1,1,1,1,1,1,1,1,1,1,1,1,1,1,1,1
COG:COG1704,1,1,1,1,1,1,1,1,1,1,1,1,1,1,1,1
COG:COG2932,1,1,1,1,1,1,1,1,1,1,1,1,1,1,1,1
COG:COG1619,1,1,1,1,1,1,1,1,1,1,1,1,1,1,1,1
COG:COG2882,1,1,1,1,1,1,1,1,1,1,1,1,1,1,1,1
COG:COG2969,1,1,1,1,1,1,1,1,1,1,1,1,1,1,1,1
COG:COG0306,1,1,1,1,1,1,1,1,1,1,1,1,1,1,1,1
COG:COG2199,1,1,1,1,1,1,1,1,1,1,1,1,1,1,1,1
COG:COG2153,1,1,1,1,1,1,1,1,1,1,1,1,1,1,1,1
COG:COG0656,1,1,1,1,1,1,1,1,1,1,1,1,1,1,1,1
COG:COG3246,1,1,1,1,1,1,1,1,1,1,1,1,1,1,1,1
COG:COG0394,1,1,1,1,1,1,1,1,1,1,1,1,1,1,1,1
COG:COG3128,1,1,1,1,1,1,1,1,1,1,1,1,1,1,1,1
COG:COG2066,1,1,1,1,1,1,1,1,1,1,1,1,1,1,1,1
COG:COG0474,1,1,1,1,1,1,1,1,1,1,1,1,1,1,1,1
COG:COG0022,1,1,1,1,1,1,1,1,1,1,1,1,1,1,1,1
COG:COG1071,1,1,1,1,1,1,1,1,1,1,1,1,1,1,1,1
COG:COG3125,1,1,1,1,1,1,1,1,1,1,1,1,1,1,1,1
COG:COG4413,1,1,1,1,1,1,1,1,1,1,1,1,1,1,1,1
COG:COG1966,1,1,1,1,1,1,1,1,1,1,1,1,1,1,1,1
COG:COG3486,1,1,1,1,1,1,1,1,1,1,1,1,1,1,1,1
COG:COG3604,1,1,1,1,1,1,1,1,1,1,1,1,1,1,1,1
COG:COG2308,1,1,1,1,1,1,1,1,1,1,1,1,1,1,1,1
COG:COG0524,1,1,1,1,1,1,1,1,1,1,1,1,1,1,1,1
COG:COG2055,1,1,1,1,1,1,1,1,1,1,1,1,1,1,1,1
COG:COG4774,1,1,1,1,1,1,1,1,1,1,1,1,1,1,1,1
COG:COG2072,1,1,1,1,1,1,1,1,1,1,1,1,1,1,1,1
COG:COG3659,1,1,1,1,1,1,1,1,1,1,1,1,1,1,1,1
COG:COG0790,1,1,1,1,1,1,1,1,1,1,1,1,1,1,1,1
COG:COG0580,1,1,1,1,1,1,1,1,1,1,1,1,1,1,1,1
COG:COG4773,1,1,1,1,1,1,1,1,1,1,1,1,1,1,1,1
COG:COG1879,1,1,1,1,1,1,1,1,1,1,1,1,1,1,1,1
COG:COG1196,1,1,1,1,1,1,1,1,1,1,1,1,1,1,1,1
COG:COG0637,1,1,1,1,1,1,1,1,1,1,1,1,1,1,1,1
COG:COG1826,1,1,1,1,1,1,1,1,1,1,1,1,1,1,1,1
COG:COG2071,1,1,1,1,1,1,1,1,1,1,1,1,1,1,1,1
COG:COG2175,1,1,1,1,1,1,1,1,1,1,1,1,1,1,1,1
COG:COG0123,1,1,1,1,1,1,1,1,1,1,1,1,1,1,1,1
COG:COG2240,1,1,1,1,1,1,1,1,1,1,1,1,1,1,1,1
COG:COG1120,1,1,1,1,1,1,1,1,1,1,1,1,1,1,1,1
COG:COG4575,1,1,1,1,1,1,1,1,1,1,1,1,1,1,1,1
COG:COG2610,1,1,1,1,1,1,1,1,1,1,1,1,1,1,1,1
COG:COG1239,1,1,1,1,1,1,1,1,1,1,1,1,1,1,1,1
COG:COG4206,1,1,1,1,1,1,1,1,1,1,1,1,1,1,1,1
COG:COG2207,1,1,1,1,1,1,1,1,1,1,1,1,1,1,1,1
COG:COG0405,1,1,1,1,1,1,1,1,1,1,1,1,1,1,1,1
COG:COG3161,1,1,1,1,1,1,1,1,1,1,1,1,1,1,1,1
COG:COG0010,1,1,1,1,1,1,1,1,1,1,1,1,1,1,1,1
COG:COG3501,1,1,1,1,1,1,1,1,1,1,1,1,1,1,1,1
COG:COG1105,1,1,1,1,1,1,1,1,1,1,1,1,1,1,1,1
COG:COG2259,1,1,1,1,1,1,1,1,1,1,1,1,1,1,1,1
COG:COG1929,1,1,1,1,1,1,1,1,1,1,1,1,1,1,1,1
COG:COG2249,1,1,1,1,1,1,1,1,1,1,1,1,1,1,1,1
COG:COG1956,1,1,1,1,1,1,1,1,1,1,1,1,1,1,1,1
COG:COG1982,1,1,1,1,1,1,1,1,1,1,1,1,1,1,1,1
COG:COG0803,1,1,1,1,1,1,1,1,1,1,1,1,1,1,1,1
COG:COG0554,1,1,1,1,1,1,1,1,1,1,1,1,1,1,1,1
COG:COG0845,1,1,1,1,1,1,1,1,1,1,1,1,1,1,1,1
COG:COG2156,1,1,1,1,1,1,1,1,1,1,1,1,1,1,1,1
COG:COG0385,1,1,1,1,1,1,1,1,1,1,1,1,1,1,1,1
COG:COG0457,1,1,1,1,1,1,1,1,1,1,1,1,1,1,1,1
COG:COG1210,1,1,1,1,1,1,1,1,1,1,1,1,1,1,1,1
COG:COG2205,1,1,1,1,1,1,1,1,1,1,1,1,1,1,1,1
COG:COG0320,1,1,1,1,1,1,1,1,1,1,1,1,1,1,1,1
COG:COG0586,1,1,1,1,1,1,1,1,1,1,1,1,1,1,1,1
COG:COG3119,1,1,1,1,1,1,1,1,1,1,1,1,1,1,1,1
COG:COG1228,1,1,1,1,1,1,1,1,1,1,1,1,1,1,1,1
COG:COG1221,1,1,1,1,1,1,1,1,1,1,1,1,1,1,1,1
COG:COG3746,1,1,1,1,1,1,1,1,1,1,1,1,1,1,1,1
COG:COG5006,1,1,1,1,1,1,1,1,1,1,1,1,1,1,1,1
COG:COG2875,1,1,1,1,1,1,1,1,1,1,1,1,1,1,1,1
COG:COG0601,1,1,1,1,1,1,1,1,1,1,1,1,1,1,1,1
COG:COG0444,1,1,1,1,1,1,1,1,1,1,1,1,1,1,1,1
COG:COG0050,1,1,1,1,1,1,1,1,1,1,1,1,1,1,1,1
COG:COG1055,1,1,1,1,1,1,1,1,1,1,1,1,1,1,1,1
COG:COG1640,1,1,1,1,1,1,1,1,1,1,1,1,1,1,1,1
COG:COG2176,1,1,1,1,1,1,1,1,1,1,1,1,1,1,1,1
COG:COG1173,1,1,1,1,1,1,1,1,1,1,1,1,1,1,1,1
COG:COG0367,1,1,1,1,1,1,1,1,1,1,1,1,1,1,1,1
COG:COG2216,1,1,1,1,1,1,1,1,1,1,1,1,1,1,1,1
COG:COG2354,1,1,1,1,1,1,1,1,1,1,1,1,1,1,1,1
COG:COG1523,1,1,1,1,1,1,1,1,1,1,1,1,1,1,1,1
COG:COG3508,1,1,1,1,1,1,1,1,1,1,1,1,1,1,1,1
COG:COG3724,1,1,1,1,1,1,1,1,1,1,1,1,1,1,1,1
COG:COG2133,1,1,1,1,1,1,1,1,1,1,1,1,1,1,1,1
COG:COG2060,1,1,1,1,1,1,1,1,1,1,1,1,1,1,1,1
COG:COG4176,1,1,1,1,1,1,1,1,1,1,1,1,1,1,1,1
COG:COG0427,1,1,1,1,1,1,1,1,1,1,1,1,1,1,1,1
COG:COG2267,1,1,1,1,1,1,1,1,1,1,1,1,1,1,1,1
COG:COG3709,1,1,1,1,1,1,1,1,1,1,1,1,1,1,1,1
COG:COG0296,1,1,1,1,1,1,1,1,1,1,1,1,1,1,1,1
COG:COG2851,1,1,1,1,1,1,1,1,1,1,1,1,1,1,1,1
COG:COG2049,1,1,1,1,1,1,1,1,1,1,1,1,1,1,1,1
COG:COG0297,1,1,1,1,1,1,1,1,1,1,1,1,1,1,1,1
COG:COG0058,1,1,1,1,1,1,1,1,1,1,1,1,1,1,1,1
COG:COG1802,1,1,1,1,1,1,1,1,1,1,1,1,1,1,1,1
COG:COG1894,1,1,1,1,1,1,1,1,1,1,1,1,1,1,1,1
COG:COG1143,1,1,1,1,1,1,1,1,1,1,1,1,1,1,1,1
COG:COG2130,1,1,1,1,1,1,1,1,1,1,1,1,1,1,1,1
COG:COG1975,1,1,1,1,1,1,1,1,1,1,1,1,1,1,1,1
COG:COG1521,1,1,1,1,1,1,1,1,1,1,1,1,1,1,1,1
COG:COG0236,1,1,1,1,1,1,1,1,1,1,1,1,1,1,1,1
COG:COG1215,1,1,1,1,1,1,1,1,1,1,1,1,1,1,1,1
COG:COG1905,1,1,1,1,1,1,1,1,1,1,1,1,1,1,1,1
COG:COG1008,1,1,1,1,1,1,1,1,1,1,1,1,1,1,1,1
COG:COG0377,1,1,1,1,1,1,1,1,1,1,1,1,1,1,1,1
COG:COG0713,1,1,1,1,1,1,1,1,1,1,1,1,1,1,1,1
COG:COG1622,1,1,1,1,1,1,1,1,1,1,1,1,1,1,1,1
COG:COG0839,1,1,1,1,1,1,1,1,1,1,1,1,1,1,1,1
COG:COG1113,1,1,1,1,1,1,1,1,1,1,1,1,1,1,1,1
COG:COG3201,1,1,1,1,1,1,1,1,1,1,1,1,1,1,1,1
COG:COG2356,1,1,1,1,1,1,1,1,1,1,1,1,1,1,1,1
COG:COG1953,1,1,1,1,1,1,1,1,1,1,1,1,1,1,1,1
COG:COG3162,1,1,1,1,1,1,1,1,1,1,1,1,1,1,1,1
COG:COG1005,1,1,1,1,1,1,1,1,1,1,1,1,1,1,1,1
COG:COG3243,1,1,1,1,1,1,1,1,1,1,1,1,1,1,1,1
COG:COG1587,1,1,1,1,1,1,1,1,1,1,1,1,1,1,1,1
COG:COG2808,1,1,1,1,1,1,1,1,1,1,1,1,1,1,1,1
COG:COG1007,1,1,1,1,1,1,1,1,1,1,1,1,1,1,1,1
COG:COG0649,1,1,1,1,1,1,1,1,1,1,1,1,1,1,1,1
COG:COG3707,1,1,1,1,1,1,1,1,1,1,1,1,1,1,1,1
COG:COG3633,1,1,1,1,1,1,1,1,1,1,1,1,1,1,1,1
COG:COG3960,1,1,1,1,1,1,1,1,1,1,1,1,1,1,1,1
COG:COG2062,1,1,1,1,1,1,1,1,1,1,1,1,1,1,1,1
COG:COG1305,1,1,1,1,1,1,1,1,1,1,1,1,1,1,1,1
COG:COG2031,1,1,1,1,1,1,1,1,1,1,1,1,1,1,1,1
COG:COG3712,1,1,1,1,1,1,1,1,1,1,1,1,1,1,1,1
COG:COG1597,1,1,1,1,1,1,1,1,1,1,1,1,1,1,1,1
COG:COG1970,1,1,1,1,1,1,1,1,1,1,1,1,1,1,1,1
COG:COG4579,1,1,1,1,1,1,1,1,1,1,1,1,1,1,1,1
COG:COG0620,1,1,1,1,1,1,1,1,1,1,1,1,1,1,1,1
COG:COG1327,1,1,1,1,1,1,1,1,1,1,1,1,1,1,1,1
COG:COG1299,1,1,1,1,1,1,1,1,1,1,1,1,1,1,1,1
COG:COG2217,1,1,1,1,1,1,1,1,1,1,1,1,1,1,1,1
COG:COG1034,1,1,1,1,1,1,1,1,1,1,1,1,1,1,1,1
COG:COG0386,1,1,1,1,1,1,1,1,1,1,1,1,1,1,1,1
COG:COG2005,1,1,1,1,1,1,1,1,1,1,1,1,1,1,1,1
COG:COG1004,1,1,1,1,1,1,1,1,1,1,1,1,1,1,1,1
COG:COG0640,1,1,1,1,1,1,1,1,1,1,1,1,1,1,1,1
COG:COG0395,1,1,1,1,1,1,1,1,1,1,1,1,1,1,1,1
COG:COG2943,1,1,1,1,1,1,1,1,1,1,1,1,1,1,1,1
COG:COG1301,1,1,1,1,1,1,1,1,1,1,1,1,1,1,1,1
COG:COG3131,1,1,1,1,1,1,1,1,1,1,1,1,1,1,1,1
COG:COG2832,1,1,1,1,1,1,1,1,1,1,1,1,1,1,1,1
COG:COG4221,1,1,1,1,1,1,1,1,1,1,1,1,1,1,1,1
COG:COG1984,1,1,1,1,1,1,1,1,1,1,1,1,1,1,1,1
COG:COG2603,1,1,1,1,1,1,1,1,1,1,1,1,1,1,1,1
COG:COG0340,1,1,1,1,1,1,1,1,1,1,1,1,1,1,1,1
COG:COG4993,1,1,1,1,1,1,1,1,1,1,1,1,1,1,1,1
COG:COG0693,1,1,1,1,1,1,1,1,1,1,1,1,1,1,1,1
COG:COG1886,1,1,1,1,1,1,1,1,1,1,1,1,1,1,1,1
COG:COG0475,1,1,1,1,1,1,1,1,1,1,1,1,1,1,1,1
COG:COG0753,1,1,1,1,1,1,1,1,1,1,1,1,1,1,1,1
COG:COG1238,1,1,1,1,1,1,1,1,1,1,1,1,1,1,1,1
COG:COG0720,1,1,1,1,1,1,1,1,1,1,1,1,1,1,1,1
COG:COG0368,1,1,1,1,1,1,1,1,1,1,1,1,1,1,1,1
COG:COG0454,1,1,1,1,1,1,1,1,1,1,1,1,1,1,1,1
COG:COG5000,1,1,1,1,1,1,1,1,1,1,1,1,1,1,1,1
COG:COG0336,1,1,1,1,1,1,1,1,1,1,1,1,1,1,1,1
COG:COG0023,1,1,1,1,1,1,1,1,1,1,1,1,1,1,1,1
COG:COG1540,1,1,1,1,1,1,1,1,1,1,1,1,1,1,1,1
COG:COG3040,1,1,1,1,1,1,1,1,1,1,1,1,1,1,1,1
COG:COG0256,1,1,1,1,1,1,1,1,1,1,1,1,1,1,1,1
COG:COG0455,1,1,1,1,1,1,1,1,1,1,1,1,1,1,1,1
COG:COG0709,1,1,1,1,1,1,1,1,1,1,1,1,1,1,1,1
COG:COG1271,1,1,1,1,1,1,1,1,1,1,1,1,1,1,1,1
COG:COG4559,1,1,1,1,1,1,1,1,1,1,1,1,1,1,1,1
COG:COG0796,1,1,1,1,1,1,1,1,1,1,1,1,1,1,1,1
COG:COG0817,1,1,1,1,1,1,1,1,1,1,1,1,1,1,1,1
COG:COG0651,1,1,1,1,1,1,1,1,1,1,1,1,1,1,1,1
COG:COG1129,1,1,1,1,1,1,1,1,1,1,1,1,1,1,1,1
COG:COG1749,1,1,1,1,1,1,1,1,1,1,1,1,1,1,1,1
COG:COG2840,1,1,1,1,1,1,1,1,1,1,1,1,1,1,1,1
COG:COG0053,1,1,1,1,1,1,1,1,1,1,1,1,1,1,1,1
COG:COG1454,1,1,1,1,1,1,1,1,1,1,1,1,1,1,1,1
COG:COG0576,1,1,1,1,1,1,1,1,1,1,1,1,1,1,1,1
COG:COG0435,1,1,1,1,1,1,1,1,1,1,1,1,1,1,1,1
COG:COG1965,1,1,1,1,1,1,1,1,1,1,1,1,1,1,1,1
COG:COG3228,1,1,1,1,1,1,1,1,1,1,1,1,1,1,1,1
COG:COG1739,1,1,1,1,1,1,1,1,1,1,1,1,1,1,1,1
COG:COG5424,1,1,1,1,1,1,1,1,1,1,1,1,1,1,1,1
COG:COG4628,1,1,1,1,1,1,1,1,1,1,1,1,1,1,1,1
COG:COG0826,1,1,1,1,1,1,1,1,1,1,1,1,1,1,1,1
COG:COG0071,1,1,1,1,1,1,1,1,1,1,1,1,1,1,1,1
COG:COG3284,1,1,1,1,1,1,1,1,1,1,1,1,1,1,1,1
COG:COG1609,1,1,1,1,1,1,1,1,1,1,1,1,1,1,1,1
COG:COG1752,1,1,1,1,1,1,1,1,1,1,1,1,1,1,1,1
COG:COG1279,1,1,1,1,1,1,1,1,1,1,1,1,1,1,1,1
COG:COG0208,1,1,1,1,1,1,1,1,1,1,1,1,1,1,1,1
COG:COG1488,1,1,1,1,1,1,1,1,1,1,1,1,1,1,1,1
COG:COG1126,1,1,1,1,1,1,1,1,1,1,1,1,1,1,1,1
COG:COG0229,1,1,1,1,1,1,1,1,1,1,1,1,1,1,1,1
COG:COG0117,1,1,1,1,1,1,1,1,1,1,1,1,1,1,1,1
COG:COG3143,1,1,1,1,1,1,1,1,1,1,1,1,1,1,1,1
COG:COG0535,1,1,1,1,1,1,1,1,1,1,1,1,1,1,1,1
COG:COG1566,1,1,1,1,1,1,1,1,1,1,1,1,1,1,1,1
COG:COG0860,1,1,1,1,1,1,1,1,1,1,1,1,1,1,1,1
COG:COG0723,1,1,1,1,1,1,1,1,1,1,1,1,1,1,1,1
COG:COG1270,1,1,1,1,1,1,1,1,1,1,1,1,1,1,1,1
COG:COG4302,1,1,1,1,1,1,1,1,1,1,1,1,1,1,1,1
COG:COG5404,1,1,1,1,1,1,1,1,1,1,1,1,1,1,1,1
COG:COG0420,1,1,1,1,1,1,1,1,1,1,1,1,1,1,1,1
COG:COG0450,1,1,1,1,1,1,1,1,1,1,1,1,1,1,1,1
COG:COG3842,1,1,1,1,1,1,1,1,1,1,1,1,1,1,1,1
COG:COG1620,1,1,1,1,1,1,1,1,1,1,1,1,1,1,1,1
COG:COG1797,1,1,1,1,1,1,1,1,1,1,1,1,1,1,1,1
COG:COG3194,1,1,1,1,1,1,1,1,1,1,1,1,1,1,1,1
COG:COG2838,1,1,1,1,1,1,1,1,1,1,1,1,1,1,1,1
COG:COG2988,1,1,1,1,1,1,1,1,1,1,1,1,1,1,1,1
COG:COG0285,1,1,1,1,1,1,1,1,1,1,1,1,1,1,1,1
COG:COG1235,1,1,1,1,1,1,1,1,1,1,1,1,1,1,1,1
COG:COG1175,1,1,1,1,1,1,1,1,1,1,1,1,1,1,1,1
COG:COG2188,1,1,1,1,1,1,1,1,1,1,1,1,1,1,1,1
COG:COG0415,1,1,1,1,1,1,1,1,1,1,1,1,1,1,1,1
COG:COG1613,1,1,1,1,1,1,1,1,1,1,1,1,1,1,1,1
COG:COG2863,1,1,1,1,1,1,1,1,1,1,1,1,1,1,1,1
COG:COG0614,1,1,1,1,1,1,1,1,1,1,1,1,1,1,1,1
COG:COG0837,1,1,1,1,1,1,1,1,1,1,1,1,1,1,1,1
COG:COG0555,1,1,1,1,1,1,1,1,1,1,1,1,1,1,1,1
COG:COG1290,1,1,1,1,1,1,1,1,1,1,1,1,1,1,1,1
COG:COG3175,1,1,1,1,1,1,1,1,1,1,1,1,1,1,1,1
COG:COG3081,1,1,1,1,1,1,1,1,1,1,1,1,1,1,1,1
COG:COG0212,1,1,1,1,1,1,1,1,1,1,1,1,1,1,1,1
COG:COG0026,1,1,1,1,1,1,1,1,1,1,1,1,1,1,1,1
COG:COG1934,1,1,1,1,1,1,1,1,1,1,1,1,1,1,1,1
COG:COG0158,1,1,1,1,1,1,1,1,1,1,1,1,1,1,1,1
COG:COG0002,1,1,1,1,1,1,1,1,1,1,1,1,1,1,1,1
COG:COG2857,1,1,1,1,1,1,1,1,1,1,1,1,1,1,1,1
COG:COG0688,1,1,1,1,1,1,1,1,1,1,1,1,1,1,1,1
COG:COG3186,1,1,1,1,1,1,1,1,1,1,1,1,1,1,1,1
COG:COG0051,1,1,1,1,1,1,1,1,1,1,1,1,1,1,1,1
COG:COG0406,1,1,1,1,1,1,1,1,1,1,1,1,1,1,1,1
COG:COG0294,1,1,1,1,1,1,1,1,1,1,1,1,1,1,1,1
COG:COG0756,1,1,1,1,1,1,1,1,1,1,1,1,1,1,1,1
COG:COG2951,1,1,1,1,1,1,1,1,1,1,1,1,1,1,1,1
COG:COG0818,1,1,1,1,1,1,1,1,1,1,1,1,1,1,1,1
COG:COG4303,1,1,1,1,1,1,1,1,1,1,1,1,1,1,1,1
COG:COG0645,1,1,1,1,1,1,1,1,1,1,1,1,1,1,1,1
COG:COG0321,1,1,1,1,1,1,1,1,1,1,1,1,1,1,1,1
COG:COG0767,1,1,1,1,1,1,1,1,1,1,1,1,1,1,1,1
COG:COG2041,1,1,1,1,1,1,1,1,1,1,1,1,1,1,1,1
COG:COG2200,1,1,1,1,1,1,1,1,1,1,1,1,1,1,1,1
COG:COG1064,1,1,1,1,1,1,1,1,1,1,1,1,1,1,1,1
COG:COG1118,1,1,1,1,1,1,1,1,1,1,1,1,1,1,1,1
COG:COG1426,1,1,1,1,1,1,1,1,1,1,1,1,1,1,1,1
COG:COG0557,1,1,1,1,1,1,1,1,1,1,1,1,1,1,1,1
COG:COG0352,1,1,1,1,1,1,1,1,1,1,1,1,1,1,1,1
COG:COG3634,1,1,1,1,1,1,1,1,1,1,1,1,1,1,1,1
COG:COG2351,1,1,1,1,1,1,1,1,1,1,1,1,1,1,1,1
COG:COG3088,1,1,1,1,1,1,1,1,1,1,1,1,1,1,1,1
COG:COG1607,1,1,1,1,1,1,1,1,1,1,1,1,1,1,1,1
COG:COG3155,1,1,1,1,1,1,1,1,1,1,1,1,1,1,1,1
COG:COG1702,1,1,1,1,1,1,1,1,1,1,1,1,1,1,1,1
COG:COG1959,1,1,1,1,1,1,1,1,1,1,1,1,1,1,1,1
COG:COG4598,1,1,1,1,1,1,1,1,1,1,1,1,1,1,1,1
COG:COG1898,1,1,1,1,1,1,1,1,1,1,1,1,1,1,1,1
COG:COG2996,1,1,1,1,1,1,1,1,1,1,1,1,1,1,1,1
COG:COG0746,1,1,1,1,1,1,1,1,1,1,1,1,1,1,1,1
COG:COG1546,1,1,1,1,1,1,1,1,1,1,1,1,1,1,1,1
COG:COG1720,1,1,1,1,1,1,1,1,1,1,1,1,1,1,1,1
COG:COG0629,1,1,1,1,1,1,1,1,1,1,1,1,1,1,1,1
COG:COG4133,1,1,1,1,1,1,1,1,1,1,1,1,1,1,1,1
COG:COG0661,1,1,1,1,1,1,1,1,1,1,1,1,1,1,1,1
COG:COG0218,1,1,1,1,1,1,1,1,1,1,1,1,1,1,1,1
COG:COG2933,1,1,1,1,1,1,1,1,1,1,1,1,1,1,1,1
COG:COG0062,1,1,1,1,1,1,1,1,1,1,1,1,1,1,1,1
COG:COG1553,1,1,1,1,1,1,1,1,1,1,1,1,1,1,1,1
COG:COG0127,1,1,1,1,1,1,1,1,1,1,1,1,1,1,1,1
COG:COG2057,1,1,1,1,1,1,1,1,1,1,1,1,1,1,1,1
COG:COG2927,1,1,1,1,1,1,1,1,1,1,1,1,1,1,1,1
COG:COG0418,1,1,1,1,1,1,1,1,1,1,1,1,1,1,1,1
COG:COG1788,1,1,1,1,1,1,1,1,1,1,1,1,1,1,1,1
COG:COG0850,1,1,1,1,1,1,1,1,1,1,1,1,1,1,1,1
COG:COG1399,1,1,1,1,1,1,1,1,1,1,1,1,1,1,1,1
COG:COG1006,1,1,1,1,1,1,1,1,1,1,1,1,1,1,1,1
COG:COG0611,1,1,1,1,1,1,1,1,1,1,1,1,1,1,1,1
COG:COG3160,1,1,1,1,1,1,1,1,1,1,1,1,1,1,1,1
COG:COG1045,1,1,1,1,1,1,1,1,1,1,1,1,1,1,1,1
COG:COG3133,1,1,1,1,1,1,1,1,1,1,1,1,1,1,1,1
COG:COG0725,1,1,1,1,1,1,1,1,1,1,1,1,1,1,1,1
COG:COG0503,1,1,1,1,1,1,1,1,1,1,1,1,1,1,1,1
COG:COG2025,1,1,1,1,1,1,1,1,1,1,1,1,1,1,1,1
COG:COG0245,1,1,1,1,1,1,1,1,1,1,1,1,1,1,1,1
COG:COG1171,1,1,1,1,1,1,1,1,1,1,1,1,1,1,1,1
COG:COG1570,1,1,1,1,1,1,1,1,1,1,1,1,1,1,1,1
COG:COG0314,1,1,1,1,1,1,1,1,1,1,1,1,1,1,1,1
COG:COG3124,1,1,1,1,1,1,1,1,1,1,1,1,1,1,1,1
COG:COG5405,1,1,1,1,1,1,1,1,1,1,1,1,1,1,1,1
COG:COG2867,1,1,1,1,1,1,1,1,1,1,1,1,1,1,1,1
COG:COG0315,1,1,1,1,1,1,1,1,1,1,1,1,1,1,1,1
COG:COG1117,1,1,1,1,1,1,1,1,1,1,1,1,1,1,1,1
COG:COG2166,1,1,1,1,1,1,1,1,1,1,1,1,1,1,1,1
COG:COG1294,1,1,1,1,1,1,1,1,1,1,1,1,1,1,1,1
COG:COG0181,1,1,1,1,1,1,1,1,1,1,1,1,1,1,1,1
COG:COG0237,1,1,1,1,1,1,1,1,1,1,1,1,1,1,1,1
COG:COG1289,1,1,1,1,1,1,1,1,1,1,1,1,1,1,1,1
COG:COG1414,1,1,1,1,1,1,1,1,1,1,1,1,1,1,1,1
COG:COG0456,1,1,1,1,1,1,1,1,1,1,1,1,1,1,1,1
COG:COG1806,1,1,1,1,1,1,1,1,1,1,1,1,1,1,1,1
COG:COG2050,1,1,1,1,1,1,1,1,1,1,1,1,1,1,1,1
COG:COG0125,1,1,1,1,1,1,1,1,1,1,1,1,1,1,1,1
COG:COG2908,1,1,1,1,1,1,1,1,1,1,1,1,1,1,1,1
COG:COG2807,1,1,1,1,1,1,1,1,1,1,1,1,1,1,1,1
COG:COG1198,1,1,1,1,1,1,1,1,1,1,1,1,1,1,1,1
COG:COG2141,1,1,1,1,1,1,1,1,1,1,1,1,1,1,1,1
COG:COG0284,1,1,1,1,1,1,1,1,1,1,1,1,1,1,1,1
COG:COG2386,1,1,1,1,1,1,1,1,1,1,1,1,1,1,1,1
COG:COG1218,1,1,1,1,1,1,1,1,1,1,1,1,1,1,1,1
COG:COG1385,1,1,1,1,1,1,1,1,1,1,1,1,1,1,1,1
COG:COG1519,1,1,1,1,1,1,1,1,1,1,1,1,1,1,1,1
COG:COG0585,1,1,1,1,1,1,1,1,1,1,1,1,1,1,1,1
COG:COG3129,1,1,1,1,1,1,1,1,1,1,1,1,1,1,1,1
COG:COG0692,1,1,1,1,1,1,1,1,1,1,1,1,1,1,1,1
COG:COG0019,1,1,1,1,1,1,1,1,1,1,1,1,1,1,1,1
COG:COG0780,1,1,1,1,1,1,1,1,1,1,1,1,1,1,1,1
COG:COG1188,1,1,1,1,1,1,1,1,1,1,1,1,1,1,1,1
COG:COG0159,1,1,1,1,1,1,1,1,1,1,1,1,1,1,1,1
COG:COG1490,1,1,1,1,1,1,1,1,1,1,1,1,1,1,1,1
COG:COG1611,1,1,1,1,1,1,1,1,1,1,1,1,1,1,1,1
COG:COG0232,1,1,1,1,1,1,1,1,1,1,1,1,1,1,1,1
COG:COG3157,1,1,1,1,1,1,1,1,1,1,1,1,1,1,1,1
COG:COG1179,1,1,1,1,1,1,1,1,1,1,1,1,1,1,1,1
COG:COG4942,1,1,1,1,1,1,1,1,1,1,1,1,1,1,1,1
COG:COG1160,1,1,1,1,1,1,1,1,1,1,1,1,1,1,1,1
COG:COG3100,1,1,1,1,1,1,1,1,1,1,1,1,1,1,1,1
COG:COG1451,1,1,1,1,1,1,1,1,1,1,1,1,1,1,1,1
COG:COG2924,1,1,1,1,1,1,1,1,1,1,1,1,1,1,1,1
COG:COG2360,1,1,1,1,1,1,1,1,1,1,1,1,1,1,1,1
COG:COG1345,1,1,1,1,1,1,1,1,1,1,1,1,1,1,1,1
COG:COG1778,1,1,1,1,1,1,1,1,1,1,1,1,1,1,1,1
COG:COG2975,1,1,1,1,1,1,1,1,1,1,1,1,1,1,1,1
COG:COG0101,1,1,1,1,1,1,1,1,1,1,1,1,1,1,1,1
COG:COG2183,1,1,1,1,1,1,1,1,1,1,1,1,1,1,1,1
COG:COG0670,1,1,1,1,1,1,1,1,1,1,1,1,1,1,1,1
COG:COG1816,1,1,1,1,1,1,1,1,1,1,1,1,1,1,1,1
COG:COG0219,1,1,1,1,1,1,1,1,1,1,1,1,1,1,1,1
COG:COG2264,1,1,1,1,1,1,1,1,1,1,1,1,1,1,1,1
COG:COG4681,1,1,1,1,1,1,1,1,1,1,1,1,1,1,1,1
COG:COG0416,1,1,1,1,1,1,1,1,1,1,1,1,1,1,1,1
COG:COG0613,1,1,1,1,1,1,1,1,1,1,1,1,1,1,1,1
COG:COG2096,1,1,1,1,1,1,1,1,1,1,1,1,1,1,1,1
COG:COG1346,1,1,1,1,1,1,1,1,1,1,1,1,1,1,1,1
COG:COG3022,1,1,1,1,1,1,1,1,1,1,1,1,1,1,1,1
COG:COG0575,1,1,1,1,1,1,1,1,1,1,1,1,1,1,1,1
COG:COG1536,1,1,1,1,1,1,1,1,1,1,1,1,1,1,1,1
COG:COG5581,1,1,1,1,1,1,1,1,1,1,1,1,1,1,1,1
COG:COG1947,1,1,1,1,1,1,1,1,1,1,1,1,1,1,1,1
COG:COG4531,1,1,1,1,1,1,1,1,1,1,1,1,1,1,1,1
COG:COG0087,1,1,1,1,1,1,1,1,1,1,1,1,1,1,1,1
COG:COG3026,1,1,1,1,1,1,1,1,1,1,1,1,1,1,1,1
COG:COG0761,1,1,1,1,1,1,1,1,1,1,1,1,1,1,1,1
COG:COG0114,1,1,1,1,1,1,1,1,1,1,1,1,1,1,1,1
COG:COG2233,1,1,1,1,1,1,1,1,1,1,1,1,1,1,1,1
COG:COG2814,1,1,1,1,1,1,1,1,1,1,1,1,1,1,1,1
COG:COG0793,1,1,1,1,1,1,1,1,1,1,1,1,1,1,1,1
COG:COG1902,1,1,1,1,1,1,1,1,1,1,1,1,1,1,1,1
COG:COG0155,1,1,1,1,1,1,1,1,1,1,1,1,1,1,1,1
COG:COG1466,1,1,1,1,1,1,1,1,1,1,1,1,1,1,1,1
COG:COG0514,1,1,1,1,1,1,1,1,1,1,1,1,1,1,1,1
COG:COG2137,1,1,1,1,1,1,1,1,1,1,1,1,1,1,1,1
COG:COG2350,1,1,1,1,1,1,1,1,1,1,1,1,1,1,1,1
COG:COG0605,1,1,1,1,1,1,1,1,1,1,1,1,1,1,1,1
COG:COG0231,1,1,1,1,1,1,1,1,1,1,1,1,1,1,1,1
COG:COG1977,1,1,1,1,1,1,1,1,1,1,1,1,1,1,1,1
COG:COG1663,1,1,1,1,1,1,1,1,1,1,1,1,1,1,1,1
COG:COG1214,1,1,1,1,1,1,1,1,1,1,1,1,1,1,1,1
COG:COG3279,1,1,1,1,1,1,1,1,1,1,1,1,1,1,1,1
COG:COG0266,1,1,1,1,1,1,1,1,1,1,1,1,1,1,1,1
COG:COG1741,1,1,1,1,1,1,1,1,1,1,1,1,1,1,1,1
COG:COG0252,1,1,1,1,1,1,1,1,1,1,1,1,1,1,1,1
COG:COG0302,1,1,1,1,1,1,1,1,1,1,1,1,1,1,1,1
COG:COG3071,1,1,1,1,1,1,1,1,1,1,1,1,1,1,1,1
COG:COG0721,1,1,1,1,1,1,1,1,1,1,1,1,1,1,1,1
COG:COG1057,1,1,1,1,1,1,1,1,1,1,1,1,1,1,1,1
COG:COG0165,1,1,1,1,1,1,1,1,1,1,1,1,1,1,1,1
COG:COG0120,1,1,1,1,1,1,1,1,1,1,1,1,1,1,1,1
COG:COG4783,1,1,1,1,1,1,1,1,1,1,1,1,1,1,1,1
COG:COG0225,1,1,1,1,1,1,1,1,1,1,1,1,1,1,1,1
COG:COG0452,1,1,1,1,1,1,1,1,1,1,1,1,1,1,1,1
COG:COG1496,1,1,1,1,1,1,1,1,1,1,1,1,1,1,1,1
COG:COG2606,1,1,1,1,1,1,1,1,1,1,1,1,1,1,1,1
COG:COG0802,1,1,1,1,1,1,1,1,1,1,1,1,1,1,1,1
COG:COG0271,1,1,1,1,1,1,1,1,1,1,1,1,1,1,1,1
COG:COG3622,1,1,1,1,1,1,1,1,1,1,1,1,1,1,1,1
COG:COG3118,1,1,1,1,1,1,1,1,1,1,1,1,1,1,1,1
COG:COG0703,1,1,1,1,1,1,1,1,1,1,1,1,1,1,1,1
COG:COG0106,1,1,1,1,1,1,1,1,1,1,1,1,1,1,1,1
COG:COG0301,1,1,1,1,1,1,1,1,1,1,1,1,1,1,1,1
COG:COG0805,1,1,1,1,1,1,1,1,1,1,1,1,1,1,1,1
COG:COG2920,1,1,1,1,1,1,1,1,1,1,1,1,1,1,1,1
COG:COG0823,1,1,1,1,1,1,1,1,1,1,1,1,1,1,1,1
COG:COG0355,1,1,1,1,1,1,1,1,1,1,1,1,1,1,1,1
COG:COG2937,1,1,1,1,1,1,1,1,1,1,1,1,1,1,1,1
COG:COG4535,1,1,1,1,1,1,1,1,1,1,1,1,1,1,1,1
COG:COG0822,1,1,1,1,1,1,1,1,1,1,1,1,1,1,1,1
COG:COG0254,1,1,1,1,1,1,1,1,1,1,1,1,1,1,1,1
COG:COG0276,1,1,1,1,1,1,1,1,1,1,1,1,1,1,1,1
COG:COG0177,1,1,1,1,1,1,1,1,1,1,1,1,1,1,1,1
COG:COG0089,1,1,1,1,1,1,1,1,1,1,1,1,1,1,1,1
COG:COG0537,1,1,1,1,1,1,1,1,1,1,1,1,1,1,1,1
COG:COG1135,1,1,1,1,1,1,1,1,1,1,1,1,1,1,1,1
COG:COG1815,1,1,1,1,1,1,1,1,1,1,1,1,1,1,1,1
COG:COG2011,1,1,1,1,1,1,1,1,1,1,1,1,1,1,1,1
COG:COG0507,1,1,1,1,1,1,1,1,1,1,1,1,1,1,1,1
COG:COG0556,1,1,1,1,1,1,1,1,1,1,1,1,1,1,1,1
COG:COG2957,1,1,1,1,1,1,1,1,1,1,1,1,1,1,1,1
COG:COG0544,1,1,1,1,1,1,1,1,1,1,1,1,1,1,1,1
COG:COG1209,1,1,1,1,1,1,1,1,1,1,1,1,1,1,1,1
COG:COG0729,1,1,1,1,1,1,1,1,1,1,1,1,1,1,1,1
COG:COG1760,1,1,1,1,1,1,1,1,1,1,1,1,1,1,1,1
COG:COG0035,1,1,1,1,1,1,1,1,1,1,1,1,1,1,1,1
COG:COG0417,1,1,1,1,1,1,1,1,1,1,1,1,1,1,1,1
COG:COG1282,1,1,1,1,1,1,1,1,1,1,1,1,1,1,1,1
COG:COG3384,1,1,1,1,1,1,1,1,1,1,1,1,1,1,1,1
COG:COG2891,1,1,1,1,1,1,1,1,1,1,1,1,1,1,1,1
COG:COG1987,1,1,1,1,1,1,1,1,1,1,1,1,1,1,1,1
COG:COG1684,1,1,1,1,1,1,1,1,1,1,1,1,1,1,1,1
COG:COG1925,1,1,1,1,1,1,1,1,1,1,1,1,1,1,1,1
COG:COG0156,1,1,1,1,1,1,1,1,1,1,1,1,1,1,1,1
COG:COG0541,1,1,1,1,1,1,1,1,1,1,1,1,1,1,1,1
COG:COG1278,1,1,1,1,1,1,1,1,1,1,1,1,1,1,1,1
COG:COG0131,1,1,1,1,1,1,1,1,1,1,1,1,1,1,1,1
COG:COG0691,1,1,1,1,1,1,1,1,1,1,1,1,1,1,1,1
COG:COG1381,1,1,1,1,1,1,1,1,1,1,1,1,1,1,1,1
COG:COG0328,1,1,1,1,1,1,1,1,1,1,1,1,1,1,1,1
COG:COG3705,1,1,1,1,1,1,1,1,1,1,1,1,1,1,1,1
COG:COG0349,1,1,1,1,1,1,1,1,1,1,1,1,1,1,1,1
COG:COG1219,1,1,1,1,1,1,1,1,1,1,1,1,1,1,1,1
COG:COG2239,1,1,1,1,1,1,1,1,1,1,1,1,1,1,1,1
COG:COG2925,1,1,1,1,1,1,1,1,1,1,1,1,1,1,1,1
COG:COG0801,1,1,1,1,1,1,1,1,1,1,1,1,1,1,1,1
COG:COG2935,1,1,1,1,1,1,1,1,1,1,1,1,1,1,1,1
COG:COG0135,1,1,1,1,1,1,1,1,1,1,1,1,1,1,1,1
COG:COG1225,1,1,1,1,1,1,1,1,1,1,1,1,1,1,1,1
COG:COG0253,1,1,1,1,1,1,1,1,1,1,1,1,1,1,1,1
COG:COG0743,1,1,1,1,1,1,1,1,1,1,1,1,1,1,1,1
COG:COG0140,1,1,1,1,1,1,1,1,1,1,1,1,1,1,1,1
COG:COG0816,1,1,1,1,1,1,1,1,1,1,1,1,1,1,1,1
COG:COG0812,1,1,1,1,1,1,1,1,1,1,1,1,1,1,1,1
COG:COG0100,1,1,1,1,1,1,1,1,1,1,1,1,1,1,1,1
COG:COG0695,1,1,1,1,1,1,1,1,1,1,1,1,1,1,1,1
COG:COG0689,1,1,1,1,1,1,1,1,1,1,1,1,1,1,1,1
COG:COG4787,1,1,1,1,1,1,1,1,1,1,1,1,1,1,1,1
COG:COG3360,1,1,1,1,1,1,1,1,1,1,1,1,1,1,1,1
COG:COG0491,1,1,1,1,1,1,1,1,1,1,1,1,1,1,1,1
COG:COG1534,1,1,1,1,1,1,1,1,1,1,1,1,1,1,1,1
COG:COG0379,1,1,1,1,1,1,1,1,1,1,1,1,1,1,1,1
COG:COG0590,1,1,1,1,1,1,1,1,1,1,1,1,1,1,1,1
COG:COG0107,1,1,1,1,1,1,1,1,1,1,1,1,1,1,1,1
COG:COG0644,1,1,1,1,1,1,1,1,1,1,1,1,1,1,1,1
COG:COG4973,1,1,1,1,1,1,1,1,1,1,1,1,1,1,1,1
COG:COG0521,1,1,1,1,1,1,1,1,1,1,1,1,1,1,1,1
COG:COG0138,1,1,1,1,1,1,1,1,1,1,1,1,1,1,1,1
COG:COG0152,1,1,1,1,1,1,1,1,1,1,1,1,1,1,1,1
COG:COG1558,1,1,1,1,1,1,1,1,1,1,1,1,1,1,1,1
COG:COG0755,1,1,1,1,1,1,1,1,1,1,1,1,1,1,1,1
COG:COG2834,1,1,1,1,1,1,1,1,1,1,1,1,1,1,1,1
COG:COG0081,1,1,1,1,1,1,1,1,1,1,1,1,1,1,1,1
COG:COG0774,1,1,1,1,1,1,1,1,1,1,1,1,1,1,1,1
COG:COG0851,1,1,1,1,1,1,1,1,1,1,1,1,1,1,1,1
COG:COG3380,1,1,1,1,1,1,1,1,1,1,1,1,1,1,1,1
COG:COG0261,1,1,1,1,1,1,1,1,1,1,1,1,1,1,1,1
COG:COG0752,1,1,1,1,1,1,1,1,1,1,1,1,1,1,1,1
COG:COG0779,1,1,1,1,1,1,1,1,1,1,1,1,1,1,1,1
COG:COG1086,1,1,1,1,1,1,1,1,1,1,1,1,1,1,1,1
COG:COG1281,1,1,1,1,1,1,1,1,1,1,1,1,1,1,1,1
COG:COG0109,1,1,1,1,1,1,1,1,1,1,1,1,1,1,1,1
COG:COG0167,1,1,1,1,1,1,1,1,1,1,1,1,1,1,1,1
COG:COG0103,1,1,1,1,1,1,1,1,1,1,1,1,1,1,1,1
COG:COG0255,1,1,1,1,1,1,1,1,1,1,1,1,1,1,1,1
COG:COG0404,1,1,1,1,1,1,1,1,1,1,1,1,1,1,1,1
COG:COG1576,1,1,1,1,1,1,1,1,1,1,1,1,1,1,1,1
COG:COG1762,1,1,1,1,1,1,1,1,1,1,1,1,1,1,1,1
COG:COG1765,1,1,1,1,1,1,1,1,1,1,1,1,1,1,1,1
COG:COG2303,1,1,1,1,1,1,1,1,1,1,1,1,1,1,1,1
COG:COG0012,1,1,1,1,1,1,1,1,1,1,1,1,1,1,1,1
COG:COG1157,1,1,1,1,1,1,1,1,1,1,1,1,1,1,1,1
COG:COG0133,1,1,1,1,1,1,1,1,1,1,1,1,1,1,1,1
COG:COG2974,1,1,1,1,1,1,1,1,1,1,1,1,1,1,1,1
COG:COG1115,1,1,1,1,1,1,1,1,1,1,1,1,1,1,1,1
COG:COG0397,1,1,1,1,1,1,1,1,1,1,1,1,1,1,1,1
COG:COG0182,1,1,1,1,1,1,1,1,1,1,1,1,1,1,1,1
COG:COG0438,1,1,1,1,1,1,1,1,1,1,1,1,1,1,1,1
COG:COG0021,1,1,1,1,1,1,1,1,1,1,1,1,1,1,1,1
COG:COG0662,1,1,1,1,1,1,1,1,1,1,1,1,1,1,1,1
COG:COG0616,1,1,1,1,1,1,1,1,1,1,1,1,1,1,1,1
COG:COG4770,1,1,1,1,1,1,1,1,1,1,1,1,1,1,1,1
COG:COG4147,1,1,1,1,1,1,1,1,1,1,1,1,1,1,1,1
COG:COG3073,1,1,1,1,1,1,1,1,1,1,1,1,1,1,1,1
COG:COG1968,1,1,1,1,1,1,1,1,1,1,1,1,1,1,1,1
COG:COG3171,1,1,1,1,1,1,1,1,1,1,1,1,1,1,1,1
COG:COG2884,1,1,1,1,1,1,1,1,1,1,1,1,1,1,1,1
COG:COG1220,1,1,1,1,1,1,1,1,1,1,1,1,1,1,1,1
COG:COG1116,1,1,1,1,1,1,1,1,1,1,1,1,1,1,1,1
COG:COG1360,1,1,1,1,1,1,1,1,1,1,1,1,1,1,1,1
COG:COG0742,1,1,1,1,1,1,1,1,1,1,1,1,1,1,1,1
COG:COG0716,1,1,1,1,1,1,1,1,1,1,1,1,1,1,1,1
COG:COG3135,1,1,1,1,1,1,1,1,1,1,1,1,1,1,1,1
COG:COG0608,1,1,1,1,1,1,1,1,1,1,1,1,1,1,1,1
COG:COG0215,1,1,1,1,1,1,1,1,1,1,1,1,1,1,1,1
COG:COG2850,1,1,1,1,1,1,1,1,1,1,1,1,1,1,1,1
COG:COG0265,1,1,1,1,1,1,1,1,1,1,1,1,1,1,1,1
COG:COG1868,1,1,1,1,1,1,1,1,1,1,1,1,1,1,1,1
COG:COG0655,1,1,1,1,1,1,1,1,1,1,1,1,1,1,1,1
COG:COG0193,1,1,1,1,1,1,1,1,1,1,1,1,1,1,1,1
COG:COG1182,1,1,1,1,1,1,1,1,1,1,1,1,1,1,1,1
COG:COG1952,1,1,1,1,1,1,1,1,1,1,1,1,1,1,1,1
COG:COG1791,1,1,1,1,1,1,1,1,1,1,1,1,1,1,1,1
COG:COG1190,1,1,1,1,1,1,1,1,1,1,1,1,1,1,1,1
COG:COG0775,1,1,1,1,1,1,1,1,1,1,1,1,1,1,1,1
COG:COG0366,1,1,1,1,1,1,1,1,1,1,1,1,1,1,1,1
COG:COG1932,1,1,1,1,1,1,1,1,1,1,1,1,1,1,1,1
COG:COG1377,1,1,1,1,1,1,1,1,1,1,1,1,1,1,1,1
COG:COG0344,1,1,1,1,1,1,1,1,1,1,1,1,1,1,1,1
COG:COG2981,1,1,1,1,1,1,1,1,1,1,1,1,1,1,1,1
COG:COG0502,1,1,1,1,1,1,1,1,1,1,1,1,1,1,1,1
COG:COG2853,1,1,1,1,1,1,1,1,1,1,1,1,1,1,1,1
COG:COG0476,1,1,1,1,1,1,1,1,1,1,1,1,1,1,1,1
COG:COG2918,1,1,1,1,1,1,1,1,1,1,1,1,1,1,1,1
COG:COG3123,1,1,1,1,1,1,1,1,1,1,1,1,1,1,1,1
COG:COG0118,1,1,1,1,1,1,1,1,1,1,1,1,1,1,1,1
COG:COG1162,1,1,1,1,1,1,1,1,1,1,1,1,1,1,1,1
COG:COG0359,1,1,1,1,1,1,1,1,1,1,1,1,1,1,1,1
COG:COG0065,1,1,1,1,1,1,1,1,1,1,1,1,1,1,1,1
COG:COG0221,1,1,1,1,1,1,1,1,1,1,1,1,1,1,1,1
COG:COG0267,1,1,1,1,1,1,1,1,1,1,1,1,1,1,1,1
COG:COG0497,1,1,1,1,1,1,1,1,1,1,1,1,1,1,1,1
COG:COG1212,1,1,1,1,1,1,1,1,1,1,1,1,1,1,1,1
COG:COG0108,1,1,1,1,1,1,1,1,1,1,1,1,1,1,1,1
COG:COG1330,1,1,1,1,1,1,1,1,1,1,1,1,1,1,1,1
COG:COG1191,1,1,1,1,1,1,1,1,1,1,1,1,1,1,1,1
COG:COG1660,1,1,1,1,1,1,1,1,1,1,1,1,1,1,1,1
COG:COG0227,1,1,1,1,1,1,1,1,1,1,1,1,1,1,1,1
COG:COG2915,1,1,1,1,1,1,1,1,1,1,1,1,1,1,1,1
COG:COG0360,1,1,1,1,1,1,1,1,1,1,1,1,1,1,1,1
COG:COG0049,1,1,1,1,1,1,1,1,1,1,1,1,1,1,1,1
COG:COG0529,1,1,1,1,1,1,1,1,1,1,1,1,1,1,1,1
COG:COG2941,1,1,1,1,1,1,1,1,1,1,1,1,1,1,1,1
COG:COG0506,1,1,1,1,1,1,1,1,1,1,1,1,1,1,1,1
COG:COG0763,1,1,1,1,1,1,1,1,1,1,1,1,1,1,1,1
COG:COG0849,1,1,1,1,1,1,1,1,1,1,1,1,1,1,1,1
COG:COG0712,1,1,1,1,1,1,1,1,1,1,1,1,1,1,1,1
COG:COG0440,1,1,1,1,1,1,1,1,1,1,1,1,1,1,1,1
COG:COG0483,1,1,1,1,1,1,1,1,1,1,1,1,1,1,1,1
COG:COG0400,1,1,1,1,1,1,1,1,1,1,1,1,1,1,1,1
COG:COG0259,1,1,1,1,1,1,1,1,1,1,1,1,1,1,1,1
COG:COG3047,1,1,1,1,1,1,1,1,1,1,1,1,1,1,1,1
COG:COG3852,1,1,1,1,1,1,1,1,1,1,1,1,1,1,1,1
COG:COG0299,1,1,1,1,1,1,1,1,1,1,1,1,1,1,1,1
COG:COG0264,1,1,1,1,1,1,1,1,1,1,1,1,1,1,1,1
COG:COG0333,1,1,1,1,1,1,1,1,1,1,1,1,1,1,1,1
COG:COG0558,1,1,1,1,1,1,1,1,1,1,1,1,1,1,1,1
COG:COG1694,1,1,1,1,1,1,1,1,1,1,1,1,1,1,1,1
COG:COG0242,1,1,1,1,1,1,1,1,1,1,1,1,1,1,1,1
COG:COG0216,1,1,1,1,1,1,1,1,1,1,1,1,1,1,1,1
COG:COG0278,1,1,1,1,1,1,1,1,1,1,1,1,1,1,1,1
COG:COG2262,1,1,1,1,1,1,1,1,1,1,1,1,1,1,1,1
COG:COG0149,1,1,1,1,1,1,1,1,1,1,1,1,1,1,1,1
COG:COG0233,1,1,1,1,1,1,1,1,1,1,1,1,1,1,1,1
COG:COG2227,1,1,1,1,1,1,1,1,1,1,1,1,1,1,1,1
COG:COG4567,1,1,1,1,1,1,1,1,1,1,1,1,1,1,1,1
COG:COG0718,1,1,1,1,1,1,1,1,1,1,1,1,1,1,1,1
COG:COG0740,1,1,1,1,1,1,1,1,1,1,1,1,1,1,1,1
COG:COG5009,1,1,1,1,1,1,1,1,1,1,1,1,1,1,1,1
COG:COG4799,1,1,1,1,1,1,1,1,1,1,1,1,1,1,1,1
COG:COG0373,1,1,1,1,1,1,1,1,1,1,1,1,1,1,1,1
COG:COG0151,1,1,1,1,1,1,1,1,1,1,1,1,1,1,1,1
COG:COG0571,1,1,1,1,1,1,1,1,1,1,1,1,1,1,1,1
COG:COG0196,1,1,1,1,1,1,1,1,1,1,1,1,1,1,1,1
COG:COG0777,1,1,1,1,1,1,1,1,1,1,1,1,1,1,1,1
COG:COG0493,1,1,1,1,1,1,1,1,1,1,1,1,1,1,1,1
COG:COG1195,1,1,1,1,1,1,1,1,1,1,1,1,1,1,1,1
COG:COG0096,1,1,1,1,1,1,1,1,1,1,1,1,1,1,1,1
COG:COG0121,1,1,1,1,1,1,1,1,1,1,1,1,1,1,1,1
COG:COG0211,1,1,1,1,1,1,1,1,1,1,1,1,1,1,1,1
COG:COG0547,1,1,1,1,1,1,1,1,1,1,1,1,1,1,1,1
COG:COG1121,1,1,1,1,1,1,1,1,1,1,1,1,1,1,1,1
COG:COG1291,1,1,1,1,1,1,1,1,1,1,1,1,1,1,1,1
COG:COG0598,1,1,1,1,1,1,1,1,1,1,1,1,1,1,1,1
COG:COG0277,1,1,1,1,1,1,1,1,1,1,1,1,1,1,1,1
COG:COG0769,1,1,1,1,1,1,1,1,1,1,1,1,1,1,1,1
COG:COG0682,1,1,1,1,1,1,1,1,1,1,1,1,1,1,1,1
COG:COG1309,1,1,1,1,1,1,1,1,1,1,1,1,1,1,1,1
COG:COG3263,1,1,1,1,1,1,1,1,1,1,1,1,1,1,1,1
COG:COG1088,1,1,1,1,1,1,1,1,1,1,1,1,1,1,1,1
COG:COG0407,1,1,1,1,1,1,1,1,1,1,1,1,1,1,1,1
COG:COG1145,1,1,1,1,1,1,1,1,1,1,1,1,1,1,1,1
COG:COG0465,1,1,1,1,1,1,1,1,1,1,1,1,1,1,1,1
COG:COG0501,1,1,1,1,1,1,1,1,1,1,1,1,1,1,1,1
COG:COG0517,1,1,1,1,1,1,1,1,1,1,1,1,1,1,1,1
COG:COG0534,1,1,1,1,1,1,1,1,1,1,1,1,1,1,1,1
COG:COG0751,1,1,1,1,1,1,1,1,1,1,1,1,1,1,1,1
COG:COG0527,1,1,1,1,1,1,1,1,1,1,1,1,1,1,1,1
COG:COG1866,1,1,1,1,1,1,1,1,1,1,1,1,1,1,1,1
COG:COG0685,1,1,1,1,1,1,1,1,1,1,1,1,1,1,1,1
COG:COG4172,1,1,1,1,1,1,1,1,1,1,1,1,1,1,1,1
COG:COG0516,1,1,1,1,1,1,1,1,1,1,1,1,1,1,1,1
COG:COG4232,1,1,1,1,1,1,1,1,1,1,1,1,1,1,1,1
COG:COG0389,1,1,1,1,1,1,1,1,1,1,1,1,1,1,1,1
COG:COG0048,1,1,1,1,1,1,1,1,1,1,1,1,1,1,1,1
COG:COG0489,1,1,1,1,1,1,1,1,1,1,1,1,1,1,1,1
COG:COG0730,1,1,1,1,1,1,1,1,1,1,1,1,1,1,1,1
COG:COG1409,1,1,1,1,1,1,1,1,1,1,1,1,1,1,1,1
COG:COG0163,1,1,1,1,1,1,1,1,1,1,1,1,1,1,1,1
COG:COG0659,1,1,1,1,1,1,1,1,1,1,1,1,1,1,1,1
COG:COG1194,1,1,1,1,1,1,1,1,1,1,1,1,1,1,1,1
COG:COG0492,1,1,1,1,1,1,1,1,1,1,1,1,1,1,1,1
COG:COG0569,1,1,1,1,1,1,1,1,1,1,1,1,1,1,1,1
COG:COG0132,1,1,1,1,1,1,1,1,1,1,1,1,1,1,1,1
COG:COG0164,1,1,1,1,1,1,1,1,1,1,1,1,1,1,1,1
COG:COG1092,1,1,1,1,1,1,1,1,1,1,1,1,1,1,1,1
COG:COG2022,1,1,1,1,1,1,1,1,1,1,1,1,1,1,1,1
COG:COG0027,1,1,1,1,1,1,1,1,1,1,1,1,1,1,1,1
COG:COG2518,1,1,1,1,1,1,1,1,1,1,1,1,1,1,1,1
COG:COG0809,1,1,1,1,1,1,1,1,1,1,1,1,1,1,1,1
COG:COG1946,1,1,1,1,1,1,1,1,1,1,1,1,1,1,1,1
COG:COG0639,1,1,1,1,1,1,1,1,1,1,1,1,1,1,1,1
COG:COG0361,1,1,1,1,1,1,1,1,1,1,1,1,1,1,1,1
COG:COG1838,1,1,1,1,1,1,1,1,1,1,1,1,1,1,1,1
COG:COG0228,1,1,1,1,1,1,1,1,1,1,1,1,1,1,1,1
COG:COG0707,1,1,1,1,1,1,1,1,1,1,1,1,1,1,1,1
COG:COG2332,1,1,1,1,1,1,1,1,1,1,1,1,1,1,1,1
COG:COG1651,1,1,1,1,1,1,1,1,1,1,1,1,1,1,1,1
COG:COG2142,1,1,1,1,1,1,1,1,1,1,1,1,1,1,1,1
COG:COG0150,1,1,1,1,1,1,1,1,1,1,1,1,1,1,1,1
COG:COG0290,1,1,1,1,1,1,1,1,1,1,1,1,1,1,1,1
COG:COG3178,1,1,1,1,1,1,1,1,1,1,1,1,1,1,1,1
COG:COG0162,1,1,1,1,1,1,1,1,1,1,1,1,1,1,1,1
COG:COG0190,1,1,1,1,1,1,1,1,1,1,1,1,1,1,1,1
COG:COG0325,1,1,1,1,1,1,1,1,1,1,1,1,1,1,1,1
COG:COG0469,1,1,1,1,1,1,1,1,1,1,1,1,1,1,1,1
COG:COG0079,1,1,1,1,1,1,1,1,1,1,1,1,1,1,1,1
COG:COG0292,1,1,1,1,1,1,1,1,1,1,1,1,1,1,1,1
COG:COG0382,1,1,1,1,1,1,1,1,1,1,1,1,1,1,1,1
COG:COG0704,1,1,1,1,1,1,1,1,1,1,1,1,1,1,1,1
COG:COG0319,1,1,1,1,1,1,1,1,1,1,1,1,1,1,1,1
COG:COG0184,1,1,1,1,1,1,1,1,1,1,1,1,1,1,1,1
COG:COG0669,1,1,1,1,1,1,1,1,1,1,1,1,1,1,1,1
COG:COG0460,1,1,1,1,1,1,1,1,1,1,1,1,1,1,1,1
COG:COG1146,1,1,1,1,1,1,1,1,1,1,1,1,1,1,1,1
COG:COG0040,1,1,1,1,1,1,1,1,1,1,1,1,1,1,1,1
COG:COG0482,1,1,1,1,1,1,1,1,1,1,1,1,1,1,1,1
COG:COG2084,1,1,1,1,1,1,1,1,1,1,1,1,1,1,1,1
COG:COG0250,1,1,1,1,1,1,1,1,1,1,1,1,1,1,1,1
COG:COG1187,1,1,1,1,1,1,1,1,1,1,1,1,1,1,1,1
COG:COG0052,1,1,1,1,1,1,1,1,1,1,1,1,1,1,1,1
COG:COG0238,1,1,1,1,1,1,1,1,1,1,1,1,1,1,1,1
COG:COG0828,1,1,1,1,1,1,1,1,1,1,1,1,1,1,1,1
COG:COG5007,1,1,1,1,1,1,1,1,1,1,1,1,1,1,1,1
COG:COG0479,1,1,1,1,1,1,1,1,1,1,1,1,1,1,1,1
COG:COG0030,1,1,1,1,1,1,1,1,1,1,1,1,1,1,1,1
COG:COG0105,1,1,1,1,1,1,1,1,1,1,1,1,1,1,1,1
COG:COG0408,1,1,1,1,1,1,1,1,1,1,1,1,1,1,1,1
COG:COG0442,1,1,1,1,1,1,1,1,1,1,1,1,1,1,1,1
COG:COG0093,1,1,1,1,1,1,1,1,1,1,1,1,1,1,1,1
COG:COG0097,1,1,1,1,1,1,1,1,1,1,1,1,1,1,1,1
COG:COG1463,1,1,1,1,1,1,1,1,1,1,1,1,1,1,1,1
COG:COG0041,1,1,1,1,1,1,1,1,1,1,1,1,1,1,1,1
COG:COG1138,1,1,1,1,1,1,1,1,1,1,1,1,1,1,1,1
COG:COG1949,1,1,1,1,1,1,1,1,1,1,1,1,1,1,1,1
COG:COG2226,1,1,1,1,1,1,1,1,1,1,1,1,1,1,1,1
COG:COG4974,1,1,1,1,1,1,1,1,1,1,1,1,1,1,1,1
COG:COG3027,1,1,1,1,1,1,1,1,1,1,1,1,1,1,1,1
COG:COG1127,1,1,1,1,1,1,1,1,1,1,1,1,1,1,1,1
COG:COG2961,1,1,1,1,1,1,1,1,1,1,1,1,1,1,1,1
COG:COG0539,1,1,1,1,1,1,1,1,1,1,1,1,1,1,1,1
COG:COG0652,1,1,1,1,1,1,1,1,1,1,1,1,1,1,1,1
COG:COG0676,1,1,1,1,1,1,1,1,1,1,1,1,1,1,1,1
COG:COG0711,1,1,1,1,1,1,1,1,1,1,1,1,1,1,1,1
COG:COG0824,1,1,1,1,1,1,1,1,1,1,1,1,1,1,1,1
COG:COG1475,1,1,1,1,1,1,1,1,1,1,1,1,1,1,1,1
COG:COG2001,1,1,1,1,1,1,1,1,1,1,1,1,1,1,1,1
COG:COG0203,1,1,1,1,1,1,1,1,1,1,1,1,1,1,1,1
COG:COG0020,1,1,1,1,1,1,1,1,1,1,1,1,1,1,1,1
COG:COG0347,1,1,1,1,1,1,1,1,1,1,1,1,1,1,1,1
COG:COG0592,1,1,1,1,1,1,1,1,1,1,1,1,1,1,1,1
COG:COG0858,1,1,1,1,1,1,1,1,1,1,1,1,1,1,1,1
COG:COG1862,1,1,1,1,1,1,1,1,1,1,1,1,1,1,1,1
COG:COG2009,1,1,1,1,1,1,1,1,1,1,1,1,1,1,1,1
COG:COG0596,1,1,1,1,1,1,1,1,1,1,1,1,1,1,1,1
COG:COG0036,1,1,1,1,1,1,1,1,1,1,1,1,1,1,1,1
COG:COG0353,1,1,1,1,1,1,1,1,1,1,1,1,1,1,1,1
COG:COG2967,1,1,1,1,1,1,1,1,1,1,1,1,1,1,1,1
COG:COG0016,1,1,1,1,1,1,1,1,1,1,1,1,1,1,1,1
COG:COG0009,1,1,1,1,1,1,1,1,1,1,1,1,1,1,1,1
COG:COG0024,1,1,1,1,1,1,1,1,1,1,1,1,1,1,1,1
COG:COG0080,1,1,1,1,1,1,1,1,1,1,1,1,1,1,1,1
COG:COG0091,1,1,1,1,1,1,1,1,1,1,1,1,1,1,1,1
COG:COG0094,1,1,1,1,1,1,1,1,1,1,1,1,1,1,1,1
COG:COG0098,1,1,1,1,1,1,1,1,1,1,1,1,1,1,1,1
COG:COG0099,1,1,1,1,1,1,1,1,1,1,1,1,1,1,1,1
COG:COG0102,1,1,1,1,1,1,1,1,1,1,1,1,1,1,1,1
COG:COG0130,1,1,1,1,1,1,1,1,1,1,1,1,1,1,1,1
COG:COG0142,1,1,1,1,1,1,1,1,1,1,1,1,1,1,1,1
COG:COG0169,1,1,1,1,1,1,1,1,1,1,1,1,1,1,1,1
COG:COG0185,1,1,1,1,1,1,1,1,1,1,1,1,1,1,1,1
COG:COG0186,1,1,1,1,1,1,1,1,1,1,1,1,1,1,1,1
COG:COG0194,1,1,1,1,1,1,1,1,1,1,1,1,1,1,1,1
COG:COG0197,1,1,1,1,1,1,1,1,1,1,1,1,1,1,1,1
COG:COG0198,1,1,1,1,1,1,1,1,1,1,1,1,1,1,1,1
COG:COG0199,1,1,1,1,1,1,1,1,1,1,1,1,1,1,1,1
COG:COG0200,1,1,1,1,1,1,1,1,1,1,1,1,1,1,1,1
COG:COG0206,1,1,1,1,1,1,1,1,1,1,1,1,1,1,1,1
COG:COG0224,1,1,1,1,1,1,1,1,1,1,1,1,1,1,1,1
COG:COG0234,1,1,1,1,1,1,1,1,1,1,1,1,1,1,1,1
COG:COG0244,1,1,1,1,1,1,1,1,1,1,1,1,1,1,1,1
COG:COG0324,1,1,1,1,1,1,1,1,1,1,1,1,1,1,1,1
COG:COG0335,1,1,1,1,1,1,1,1,1,1,1,1,1,1,1,1
COG:COG0356,1,1,1,1,1,1,1,1,1,1,1,1,1,1,1,1
COG:COG0357,1,1,1,1,1,1,1,1,1,1,1,1,1,1,1,1
COG:COG0425,1,1,1,1,1,1,1,1,1,1,1,1,1,1,1,1
COG:COG0494,1,1,1,1,1,1,1,1,1,1,1,1,1,1,1,1
COG:COG0498,1,1,1,1,1,1,1,1,1,1,1,1,1,1,1,1
COG:COG0509,1,1,1,1,1,1,1,1,1,1,1,1,1,1,1,1
COG:COG0520,1,1,1,1,1,1,1,1,1,1,1,1,1,1,1,1
COG:COG0533,1,1,1,1,1,1,1,1,1,1,1,1,1,1,1,1
COG:COG0546,1,1,1,1,1,1,1,1,1,1,1,1,1,1,1,1
COG:COG0584,1,1,1,1,1,1,1,1,1,1,1,1,1,1,1,1
COG:COG0607,1,1,1,1,1,1,1,1,1,1,1,1,1,1,1,1
COG:COG0633,1,1,1,1,1,1,1,1,1,1,1,1,1,1,1,1
COG:COG0722,1,1,1,1,1,1,1,1,1,1,1,1,1,1,1,1
COG:COG0735,1,1,1,1,1,1,1,1,1,1,1,1,1,1,1,1
COG:COG0764,1,1,1,1,1,1,1,1,1,1,1,1,1,1,1,1
COG:COG0806,1,1,1,1,1,1,1,1,1,1,1,1,1,1,1,1
COG:COG0820,1,1,1,1,1,1,1,1,1,1,1,1,1,1,1,1
COG:COG0847,1,1,1,1,1,1,1,1,1,1,1,1,1,1,1,1
COG:COG0848,1,1,1,1,1,1,1,1,1,1,1,1,1,1,1,1
COG:COG1011,1,1,1,1,1,1,1,1,1,1,1,1,1,1,1,1
COG:COG1047,1,1,1,1,1,1,1,1,1,1,1,1,1,1,1,1
COG:COG1076,1,1,1,1,1,1,1,1,1,1,1,1,1,1,1,1
COG:COG1393,1,1,1,1,1,1,1,1,1,1,1,1,1,1,1,1
COG:COG1539,1,1,1,1,1,1,1,1,1,1,1,1,1,1,1,1
COG:COG1544,1,1,1,1,1,1,1,1,1,1,1,1,1,1,1,1
COG:COG1734,1,1,1,1,1,1,1,1,1,1,1,1,1,1,1,1
COG:COG1841,1,1,1,1,1,1,1,1,1,1,1,1,1,1,1,1
COG:COG1923,1,1,1,1,1,1,1,1,1,1,1,1,1,1,1,1
COG:COG3023,1,1,1,1,1,1,1,1,1,1,1,1,1,1,1,1
COG:COG2193,1,1,1,1,1,1,1,1,1,1,1,1,1,1,1,1
COG:COG0789,1,1,1,1,1,1,1,1,1,1,1,1,1,1,1,1
COG:COG0241,1,1,1,1,1,1,1,1,1,1,1,1,1,1,1,1
COG:COG0512,1,1,1,1,1,1,1,1,1,1,1,1,1,1,1,1
COG:COG1062,1,1,1,1,1,1,1,1,1,1,1,1,1,1,1,1
COG:COG0567,1,1,1,1,1,1,1,1,1,1,1,1,1,1,1,1
COG:COG0031,1,1,1,1,1,1,1,1,1,1,1,1,1,1,1,1
COG:COG0088,1,1,1,1,1,1,1,1,1,1,1,1,1,1,1,1
COG:COG0090,1,1,1,1,1,1,1,1,1,1,1,1,1,1,1,1
COG:COG0092,1,1,1,1,1,1,1,1,1,1,1,1,1,1,1,1
COG:COG0268,1,1,1,1,1,1,1,1,1,1,1,1,1,1,1,1
COG:COG0708,1,1,1,1,1,1,1,1,1,1,1,1,1,1,1,1
COG:COG0757,1,1,1,1,1,1,1,1,1,1,1,1,1,1,1,1
COG:COG2255,1,1,1,1,1,1,1,1,1,1,1,1,1,1,1,1
COG:COG0175,1,1,1,1,1,1,1,1,1,1,1,1,1,1,1,1
COG:COG0119,1,1,1,1,1,1,1,1,1,1,1,1,1,1,1,1
COG:COG0201,1,1,1,1,1,1,1,1,1,1,1,1,1,1,1,1
COG:COG0424,1,1,1,1,1,1,1,1,1,1,1,1,1,1,1,1
COG:COG1137,1,1,1,1,1,1,1,1,1,1,1,1,1,1,1,1
COG:COG2334,1,1,1,1,1,1,1,1,1,1,1,1,1,1,1,1
COG:COG4215,1,1,1,1,1,1,1,1,1,1,1,1,1,1,1,1
COG:COG0055,1,1,1,1,1,1,1,1,1,1,1,1,1,1,1,1
COG:COG0044,1,1,1,1,1,1,1,1,1,1,1,1,1,1,1,1
COG:COG1530,1,1,1,1,1,1,1,1,1,1,1,1,1,1,1,1
COG:COG2813,1,1,1,1,1,1,1,1,1,1,1,1,1,1,1,1
COG:COG0664,1,1,1,1,1,1,1,1,1,1,1,1,1,1,1,1
COG:COG1349,1,1,1,1,1,1,1,1,1,1,1,1,1,1,1,1
COG:COG2877,1,1,1,1,1,1,1,1,1,1,1,1,1,1,1,1
COG:COG0331,1,1,1,1,1,1,1,1,1,1,1,1,1,1,1,1
COG:COG0628,1,1,1,1,1,1,1,1,1,1,1,1,1,1,1,1
COG:COG1104,1,1,1,1,1,1,1,1,1,1,1,1,1,1,1,1
COG:COG3038,1,1,1,1,1,1,1,1,1,1,1,1,1,1,1,1
COG:COG0104,1,1,1,1,1,1,1,1,1,1,1,1,1,1,1,1
COG:COG0204,1,1,1,1,1,1,1,1,1,1,1,1,1,1,1,1
COG:COG1840,1,1,1,1,1,1,1,1,1,1,1,1,1,1,1,1
COG:COG0064,1,1,1,1,1,1,1,1,1,1,1,1,1,1,1,1
COG:COG0166,1,1,1,1,1,1,1,1,1,1,1,1,1,1,1,1
COG:COG0188,1,1,1,1,1,1,1,1,1,1,1,1,1,1,1,1
COG:COG0627,1,1,1,1,1,1,1,1,1,1,1,1,1,1,1,1
COG:COG0559,1,1,1,1,1,1,1,1,1,1,1,1,1,1,1,1
COG:COG0776,1,1,1,1,1,1,1,1,1,1,1,1,1,1,1,1
COG:COG1217,1,1,1,1,1,1,1,1,1,1,1,1,1,1,1,1
COG:COG1131,1,1,1,1,1,1,1,1,1,1,1,1,1,1,1,1
COG:COG0564,1,1,1,1,1,1,1,1,1,1,1,1,1,1,1,1
COG:COG0436,1,1,1,1,1,1,1,1,1,1,1,1,1,1,1,1
COG:COG0772,1,1,1,1,1,1,1,1,1,1,1,1,1,1,1,1
COG:COG0560,1,1,1,1,1,1,1,1,1,1,1,1,1,1,1,1
COG:COG0624,1,1,1,1,1,1,1,1,1,1,1,1,1,1,1,1
COG:COG1520,1,1,1,1,1,1,1,1,1,1,1,1,1,1,1,1
COG:COG2201,1,1,1,1,1,1,1,1,1,1,1,1,1,1,1,1
COG:COG0683,1,1,1,1,1,1,1,1,1,1,1,1,1,1,1,1
COG:COG1176,1,1,1,1,1,1,1,1,1,1,1,1,1,1,1,1
COG:COG4591,1,1,1,1,1,1,1,1,1,1,1,1,1,1,1,1
COG:COG1199,1,1,1,1,1,1,1,1,1,1,1,1,1,1,1,1
COG:COG1052,1,1,1,1,1,1,1,1,1,1,1,1,1,1,1,1
COG:COG0504,1,1,1,1,1,1,1,1,1,1,1,1,1,1,1,1
COG:COG0329,1,1,1,1,1,1,1,1,1,1,1,1,1,1,1,1
COG:COG0579,1,1,1,1,1,1,1,1,1,1,1,1,1,1,1,1
COG:COG1974,1,1,1,1,1,1,1,1,1,1,1,1,1,1,1,1
COG:COG1077,1,1,1,1,1,1,1,1,1,1,1,1,1,1,1,1
COG:COG0015,1,1,1,1,1,1,1,1,1,1,1,1,1,1,1,1
COG:COG0553,1,1,1,1,1,1,1,1,1,1,1,1,1,1,1,1
COG:COG4786,1,1,1,1,1,1,1,1,1,1,1,1,1,1,1,1
COG:COG0422,1,1,1,1,1,1,1,1,1,1,1,1,1,1,1,1
COG:COG0220,1,1,1,1,1,1,1,1,1,1,1,1,1,1,1,1
COG:COG0696,1,1,1,1,1,1,1,1,1,1,1,1,1,1,1,1
COG:COG2010,1,1,1,1,1,1,1,1,1,1,1,1,1,1,1,1
COG:COG2897,1,1,1,1,1,1,1,1,1,1,1,1,1,1,1,1
COG:COG0499,1,1,1,1,1,1,1,1,1,1,1,1,1,1,1,1
COG:COG0681,1,1,1,1,1,1,1,1,1,1,1,1,1,1,1,1
COG:COG1804,1,1,1,1,1,1,1,1,1,1,1,1,1,1,1,1
COG:COG1066,1,1,1,1,1,1,1,1,1,1,1,1,1,1,1,1
COG:COG2177,1,1,1,1,1,1,1,1,1,1,1,1,1,1,1,1
COG:COG1362,1,1,1,1,1,1,1,1,1,1,1,1,1,1,1,1
COG:COG1159,1,1,1,1,1,1,1,1,1,1,1,1,1,1,1,1
COG:COG0074,1,1,1,1,1,1,1,1,1,1,1,1,1,1,1,1
COG:COG1027,1,1,1,1,1,1,1,1,1,1,1,1,1,1,1,1
COG:COG0461,1,1,1,1,1,1,1,1,1,1,1,1,1,1,1,1
COG:COG2021,1,1,1,1,1,1,1,1,1,1,1,1,1,1,1,1
COG:COG3605,1,1,1,1,1,1,1,1,1,1,1,1,1,1,1,1
COG:COG0345,1,1,1,1,1,1,1,1,1,1,1,1,1,1,1,1
COG:COG2894,1,1,1,1,1,1,1,1,1,1,1,1,1,1,1,1
COG:COG0279,1,1,1,1,1,1,1,1,1,1,1,1,1,1,1,1
COG:COG0059,1,1,1,1,1,1,1,1,1,1,1,1,1,1,1,1
COG:COG0632,1,1,1,1,1,1,1,1,1,1,1,1,1,1,1,1
COG:COG0766,1,1,1,1,1,1,1,1,1,1,1,1,1,1,1,1
COG:COG0141,1,1,1,1,1,1,1,1,1,1,1,1,1,1,1,1
COG:COG0289,1,1,1,1,1,1,1,1,1,1,1,1,1,1,1,1
COG:COG0341,1,1,1,1,1,1,1,1,1,1,1,1,1,1,1,1
COG:COG1489,1,1,1,1,1,1,1,1,1,1,1,1,1,1,1,1
COG:COG1049,1,1,1,1,1,1,1,1,1,1,1,1,1,1,1,1
COG:COG2870,1,1,1,1,1,1,1,1,1,1,1,1,1,1,1,1
COG:COG0343,1,1,1,1,1,1,1,1,1,1,1,1,1,1,1,1
COG:COG2377,1,1,1,1,1,1,1,1,1,1,1,1,1,1,1,1
COG:COG1074,1,1,1,1,1,1,1,1,1,1,1,1,1,1,1,1
COG:COG0548,1,1,1,1,1,1,1,1,1,1,1,1,1,1,1,1
COG:COG0770,1,1,1,1,1,1,1,1,1,1,1,1,1,1,1,1
COG:COG0481,1,1,1,1,1,1,1,1,1,1,1,1,1,1,1,1
COG:COG1560,1,1,1,1,1,1,1,1,1,1,1,1,1,1,1,1
COG:COG2081,1,1,1,1,1,1,1,1,1,1,1,1,1,1,1,1
COG:COG0061,1,1,1,1,1,1,1,1,1,1,1,1,1,1,1,1
COG:COG0522,1,1,1,1,1,1,1,1,1,1,1,1,1,1,1,1
COG:COG0115,1,1,1,1,1,1,1,1,1,1,1,1,1,1,1,1
COG:COG2030,1,1,1,1,1,1,1,1,1,1,1,1,1,1,1,1
COG:COG0566,1,1,1,1,1,1,1,1,1,1,1,1,1,1,1,1
COG:COG0337,1,1,1,1,1,1,1,1,1,1,1,1,1,1,1,1
COG:COG0653,1,1,1,1,1,1,1,1,1,1,1,1,1,1,1,1
COG:COG0528,1,1,1,1,1,1,1,1,1,1,1,1,1,1,1,1
COG:COG0111,1,1,1,1,1,1,1,1,1,1,1,1,1,1,1,1
COG:COG0316,1,1,1,1,1,1,1,1,1,1,1,1,1,1,1,1
COG:COG0402,1,1,1,1,1,1,1,1,1,1,1,1,1,1,1,1
COG:COG0621,1,1,1,1,1,1,1,1,1,1,1,1,1,1,1,1
COG:COG0825,1,1,1,1,1,1,1,1,1,1,1,1,1,1,1,1
COG:COG4108,1,1,1,1,1,1,1,1,1,1,1,1,1,1,1,1
COG:COG0327,1,1,1,1,1,1,1,1,1,1,1,1,1,1,1,1
COG:COG0663,1,1,1,1,1,1,1,1,1,1,1,1,1,1,1,1
COG:COG1018,1,1,1,1,1,1,1,1,1,1,1,1,1,1,1,1
COG:COG1108,1,1,1,1,1,1,1,1,1,1,1,1,1,1,1,1
COG:COG0597,1,1,1,1,1,1,1,1,1,1,1,1,1,1,1,1
COG:COG1298,1,1,1,1,1,1,1,1,1,1,1,1,1,1,1,1
COG:COG2818,1,1,1,1,1,1,1,1,1,1,1,1,1,1,1,1
COG:COG0697,1,1,1,1,1,1,1,1,1,1,1,1,1,1,1,1
COG:COG1686,1,1,1,1,1,1,1,1,1,1,1,1,1,1,1,1
COG:COG0260,1,1,1,1,1,1,1,1,1,1,1,1,1,1,1,1
COG:COG0617,1,1,1,1,1,1,1,1,1,1,1,1,1,1,1,1
COG:COG0173,1,1,1,1,1,1,1,1,1,1,1,1,1,1,1,1
COG:COG0449,1,1,1,1,1,1,1,1,1,1,1,1,1,1,1,1
COG:COG0496,1,1,1,1,1,1,1,1,1,1,1,1,1,1,1,1
COG:COG2890,1,1,1,1,1,1,1,1,1,1,1,1,1,1,1,1
COG:COG1154,1,1,1,1,1,1,1,1,1,1,1,1,1,1,1,1
COG:COG1208,1,1,1,1,1,1,1,1,1,1,1,1,1,1,1,1
COG:COG0642,1,1,1,1,1,1,1,1,1,1,1,1,1,1,1,1
COG:COG1044,1,1,1,1,1,1,1,1,1,1,1,1,1,1,1,1
COG:COG1995,1,1,1,1,1,1,1,1,1,1,1,1,1,1,1,1
COG:COG3017,1,1,1,1,1,1,1,1,1,1,1,1,1,1,1,1
COG:COG0116,1,1,1,1,1,1,1,1,1,1,1,1,1,1,1,1
COG:COG1192,1,1,1,1,1,1,1,1,1,1,1,1,1,1,1,1
COG:COG0042,1,1,1,1,1,1,1,1,1,1,1,1,1,1,1,1
COG:COG0060,1,1,1,1,1,1,1,1,1,1,1,1,1,1,1,1
COG:COG0281,1,1,1,1,1,1,1,1,1,1,1,1,1,1,1,1
COG:COG0137,1,1,1,1,1,1,1,1,1,1,1,1,1,1,1,1
COG:COG1186,1,1,1,1,1,1,1,1,1,1,1,1,1,1,1,1
COG:COG0078,1,1,1,1,1,1,1,1,1,1,1,1,1,1,1,1
COG:COG1485,1,1,1,1,1,1,1,1,1,1,1,1,1,1,1,1
COG:COG4623,1,1,1,1,1,1,1,1,1,1,1,1,1,1,1,1
COG:COG0578,1,1,1,1,1,1,1,1,1,1,1,1,1,1,1,1
COG:COG0593,1,1,1,1,1,1,1,1,1,1,1,1,1,1,1,1
COG:COG0037,1,1,1,1,1,1,1,1,1,1,1,1,1,1,1,1
COG:COG0113,1,1,1,1,1,1,1,1,1,1,1,1,1,1,1,1
COG:COG0526,1,1,1,1,1,1,1,1,1,1,1,1,1,1,1,1
COG:COG0073,1,1,1,1,1,1,1,1,1,1,1,1,1,1,1,1
COG:COG0741,1,1,1,1,1,1,1,1,1,1,1,1,1,1,1,1
COG:COG1452,1,1,1,1,1,1,1,1,1,1,1,1,1,1,1,1
COG:COG0800,1,1,1,1,1,1,1,1,1,1,1,1,1,1,1,1
COG:COG0001,1,1,1,1,1,1,1,1,1,1,1,1,1,1,1,1
COG:COG0043,1,1,1,1,1,1,1,1,1,1,1,1,1,1,1,1
COG:COG0187,1,1,1,1,1,1,1,1,1,1,1,1,1,1,1,1
COG:COG2513,1,1,1,1,1,1,1,1,1,1,1,1,1,1,1,1
COG:COG0513,1,1,1,1,1,1,1,1,1,1,1,1,1,1,1,1
COG:COG0728,1,1,1,1,1,1,1,1,1,1,1,1,1,1,1,1
COG:COG2844,1,1,1,1,1,1,1,1,1,1,1,1,1,1,1,1
COG:COG1845,1,1,1,1,1,1,1,1,1,1,1,1,1,1,1,1
COG:COG1764,1,1,1,1,1,1,1,1,1,1,1,1,1,1,1,1
COG:COG0815,1,1,1,1,1,1,1,1,1,1,1,1,1,1,1,1
COG:COG1009,1,1,1,1,1,1,1,1,1,1,1,1,1,1,1,1
COG:COG2326,1,1,1,1,1,1,1,1,1,1,1,1,1,1,1,1
COG:COG0147,1,1,1,1,1,1,1,1,1,1,1,1,1,1,1,1
COG:COG0342,1,1,1,1,1,1,1,1,1,1,1,1,1,1,1,1
COG:COG0189,1,1,1,1,1,1,1,1,1,1,1,1,1,1,1,1
COG:COG1251,1,1,1,1,1,1,1,1,1,1,1,1,1,1,1,1
COG:COG0760,1,1,1,1,1,1,1,1,1,1,1,1,1,1,1,1
COG:COG2252,1,1,1,1,1,1,1,1,1,1,1,1,1,1,1,1
COG:COG1522,1,1,1,1,1,1,1,1,1,1,1,1,1,1,1,1
COG:COG1508,1,1,1,1,1,1,1,1,1,1,1,1,1,1,1,1
COG:COG0006,1,1,1,1,1,1,1,1,1,1,1,1,1,1,1,1
COG:COG3264,1,1,1,1,1,1,1,1,1,1,1,1,1,1,1,1
COG:COG1893,1,1,1,1,1,1,1,1,1,1,1,1,1,1,1,1
COG:COG0431,1,1,1,1,1,1,1,1,1,1,1,1,1,1,1,1
COG:COG0288,1,1,1,1,1,1,1,1,1,1,1,1,1,1,1,1
COG:COG0067,1,1,1,1,1,1,1,1,1,1,1,1,1,1,1,1
COG:COG0161,1,1,1,1,1,1,1,1,1,1,1,1,1,1,1,1
COG:COG0364,1,1,1,1,1,1,1,1,1,1,1,1,1,1,1,1
COG:COG0160,1,1,1,1,1,1,1,1,1,1,1,1,1,1,1,1
COG:COG1028,1,1,1,1,1,1,1,1,1,1,1,1,1,1,1,1
COG:COG0084,1,1,1,1,1,1,1,1,1,1,1,1,1,1,1,1
COG:COG3200,1,1,1,1,1,1,1,1,1,1,1,1,1,1,1,1
COG:COG0667,1,1,1,1,1,1,1,1,1,1,1,1,1,1,1,1
COG:COG1338,1,1,1,1,1,1,1,1,1,1,1,1,1,1,1,1
COG:COG2828,1,1,1,1,1,1,1,1,1,1,1,1,1,1,1,1
COG:COG3107,1,1,1,1,1,1,1,1,1,1,1,1,1,1,1,1
COG:COG4174,1,1,1,1,1,1,1,1,1,1,1,1,1,1,1,1
COG:COG0414,1,1,1,1,1,1,1,1,1,1,1,1,1,1,1,1
COG:COG0486,1,1,1,1,1,1,1,1,1,1,1,1,1,1,1,1
COG:COG0275,1,1,1,1,1,1,1,1,1,1,1,1,1,1,1,1
COG:COG0045,1,1,1,1,1,1,1,1,1,1,1,1,1,1,1,1
COG:COG0223,1,1,1,1,1,1,1,1,1,1,1,1,1,1,1,1
COG:COG2171,1,1,1,1,1,1,1,1,1,1,1,1,1,1,1,1
COG:COG0013,1,1,1,1,1,1,1,1,1,1,1,1,1,1,1,1
COG:COG0771,1,1,1,1,1,1,1,1,1,1,1,1,1,1,1,1
COG:COG0195,1,1,1,1,1,1,1,1,1,1,1,1,1,1,1,1
COG:COG0210,1,1,1,1,1,1,1,1,1,1,1,1,1,1,1,1
COG:COG1158,1,1,1,1,1,1,1,1,1,1,1,1,1,1,1,1
COG:COG0811,1,1,1,1,1,1,1,1,1,1,1,1,1,1,1,1
COG:COG0066,1,1,1,1,1,1,1,1,1,1,1,1,1,1,1,1
COG:COG0126,1,1,1,1,1,1,1,1,1,1,1,1,1,1,1,1
COG:COG1200,1,1,1,1,1,1,1,1,1,1,1,1,1,1,1,1
COG:COG0034,1,1,1,1,1,1,1,1,1,1,1,1,1,1,1,1
COG:COG0532,1,1,1,1,1,1,1,1,1,1,1,1,1,1,1,1
COG:COG0248,1,1,1,1,1,1,1,1,1,1,1,1,1,1,1,1
COG:COG2265,1,1,1,1,1,1,1,1,1,1,1,1,1,1,1,1
COG:COG0505,1,1,1,1,1,1,1,1,1,1,1,1,1,1,1,1
COG:COG0744,1,1,1,1,1,1,1,1,1,1,1,1,1,1,1,1
COG:COG0308,1,1,1,1,1,1,1,1,1,1,1,1,1,1,1,1
COG:COG1136,1,1,1,1,1,1,1,1,1,1,1,1,1,1,1,1
COG:COG0317,1,1,1,1,1,1,1,1,1,1,1,1,1,1,1,1
COG:COG0472,1,1,1,1,1,1,1,1,1,1,1,1,1,1,1,1
COG:COG0293,1,1,1,1,1,1,1,1,1,1,1,1,1,1,1,1
COG:COG0511,1,1,1,1,1,1,1,1,1,1,1,1,1,1,1,1
COG:COG1629,1,1,1,1,1,1,1,1,1,1,1,1,1,1,1,1
COG:COG2256,1,1,1,1,1,1,1,1,1,1,1,1,1,1,1,1
COG:COG0007,1,1,1,1,1,1,1,1,1,1,1,1,1,1,1,1
COG:COG0525,1,1,1,1,1,1,1,1,1,1,1,1,1,1,1,1
COG:COG1109,1,1,1,1,1,1,1,1,1,1,1,1,1,1,1,1
COG:COG0439,1,1,1,1,1,1,1,1,1,1,1,1,1,1,1,1
COG:COG0217,1,1,1,1,1,1,1,1,1,1,1,1,1,1,1,1
COG:COG1114,1,1,1,1,1,1,1,1,1,1,1,1,1,1,1,1
COG:COG0313,1,1,1,1,1,1,1,1,1,1,1,1,1,1,1,1
COG:COG0466,1,1,1,1,1,1,1,1,1,1,1,1,1,1,1,1
COG:COG0568,1,1,1,1,1,1,1,1,1,1,1,1,1,1,1,1
COG:COG1737,1,1,1,1,1,1,1,1,1,1,1,1,1,1,1,1
COG:COG1464,1,1,1,1,1,1,1,1,1,1,1,1,1,1,1,1
COG:COG1448,1,1,1,1,1,1,1,1,1,1,1,1,1,1,1,1
COG:COG0626,1,1,1,1,1,1,1,1,1,1,1,1,1,1,1,1
COG:COG0154,1,1,1,1,1,1,1,1,1,1,1,1,1,1,1,1
COG:COG0542,1,1,1,1,1,1,1,1,1,1,1,1,1,1,1,1
COG:COG0249,1,1,1,1,1,1,1,1,1,1,1,1,1,1,1,1
COG:COG0280,1,1,1,1,1,1,1,1,1,1,1,1,1,1,1,1
COG:COG0124,1,1,1,1,1,1,1,1,1,1,1,1,1,1,1,1
COG:COG0172,1,1,1,1,1,1,1,1,1,1,1,1,1,1,1,1
COG:COG0057,1,1,1,1,1,1,1,1,1,1,1,1,1,1,1,1
COG:COG0591,1,1,1,1,1,1,1,1,1,1,1,1,1,1,1,1
COG:COG0782,1,1,1,1,1,1,1,1,1,1,1,1,1,1,1,1
COG:COG0446,1,1,1,1,1,1,1,1,1,1,1,1,1,1,1,1
COG:COG0350,1,1,1,1,1,1,1,1,1,1,1,1,1,1,1,1
COG:COG0778,1,1,1,1,1,1,1,1,1,1,1,1,1,1,1,1
COG:COG0008,1,1,1,1,1,1,1,1,1,1,1,1,1,1,1,1
COG:COG0545,1,1,1,1,1,1,1,1,1,1,1,1,1,1,1,1
COG:COG0358,1,1,1,1,1,1,1,1,1,1,1,1,1,1,1,1
COG:COG0441,1,1,1,1,1,1,1,1,1,1,1,1,1,1,1,1
COG:COG2225,1,1,1,1,1,1,1,1,1,1,1,1,1,1,1,1
COG:COG0788,1,1,1,1,1,1,1,1,1,1,1,1,1,1,1,1
COG:COG1391,1,1,1,1,1,1,1,1,1,1,1,1,1,1,1,1
COG:COG0365,1,1,1,1,1,1,1,1,1,1,1,1,1,1,1,1
COG:COG0484,1,1,1,1,1,1,1,1,1,1,1,1,1,1,1,1
COG:COG0488,1,1,1,1,1,1,1,1,1,1,1,1,1,1,1,1
COG:COG0480,1,1,1,1,1,1,1,1,1,1,1,1,1,1,1,1
COG:COG0372,1,1,1,1,1,1,1,1,1,1,1,1,1,1,1,1
COG:COG0086,1,1,1,1,1,1,1,1,1,1,1,1,1,1,1,1
COG:COG0144,1,1,1,1,1,1,1,1,1,1,1,1,1,1,1,1
COG:COG0604,1,1,1,1,1,1,1,1,1,1,1,1,1,1,1,1
COG:COG0251,1,1,1,1,1,1,1,1,1,1,1,1,1,1,1,1
COG:COG0834,1,1,1,1,1,1,1,1,1,1,1,1,1,1,1,1
COG:COG0129,1,1,1,1,1,1,1,1,1,1,1,1,1,1,1,1
COG:COG0443,1,1,1,1,1,1,1,1,1,1,1,1,1,1,1,1
COG:COG0668,1,1,1,1,1,1,1,1,1,1,1,1,1,1,1,1
COG:COG0112,1,1,1,1,1,1,1,1,1,1,1,1,1,1,1,1
COG:COG0773,1,1,1,1,1,1,1,1,1,1,1,1,1,1,1,1
COG:COG0326,1,1,1,1,1,1,1,1,1,1,1,1,1,1,1,1
COG:COG2077,1,1,1,1,1,1,1,1,1,1,1,1,1,1,1,1
COG:COG0192,1,1,1,1,1,1,1,1,1,1,1,1,1,1,1,1
COG:COG2224,1,1,1,1,1,1,1,1,1,1,1,1,1,1,1,1
COG:COG0046,1,1,1,1,1,1,1,1,1,1,1,1,1,1,1,1
COG:COG0583,1,1,1,1,1,1,1,1,1,1,1,1,1,1,1,1
COG:COG0458,1,1,1,1,1,1,1,1,1,1,1,1,1,1,1,1
COG:COG0468,1,1,1,1,1,1,1,1,1,1,1,1,1,1,1,1
COG:COG0508,1,1,1,1,1,1,1,1,1,1,1,1,1,1,1,1
COG:COG0459,1,1,1,1,1,1,1,1,1,1,1,1,1,1,1,1
COG:COG0451,1,1,1,1,1,1,1,1,1,1,1,1,1,1,1,1
COG:COG4775,1,1,1,1,1,1,1,1,1,1,1,1,1,1,1,1
COG:COG2204,1,1,1,1,1,1,1,1,1,1,1,1,1,1,1,1
COG:COG0750,1,1,1,1,1,1,1,1,1,1,1,1,1,1,1,1
COG:COG1502,1,1,1,1,1,1,1,1,1,1,1,1,1,1,1,1
COG:COG2962,1,1,1,1,1,1,1,1,1,1,1,1,1,1,1,1
COG:COG1012,1,1,1,1,1,1,1,1,1,1,1,1,1,1,1,1
COG:COG0821,1,1,1,1,1,1,1,1,1,1,1,1,1,1,1,1
COG:COG1674,1,1,1,1,1,1,1,1,1,1,1,1,1,1,1,1
COG:COG0072,1,1,1,1,1,1,1,1,1,1,1,1,1,1,1,1
COG:COG0157,1,1,1,1,1,1,1,1,1,1,1,1,1,1,1,1
COG:COG0843,1,1,1,1,1,1,1,1,1,1,1,1,1,1,1,1
COG:COG0518,1,1,1,1,1,1,1,1,1,1,1,1,1,1,1,1
COG:COG1472,1,1,1,1,1,1,1,1,1,1,1,1,1,1,1,1
COG:COG1197,1,1,1,1,1,1,1,1,1,1,1,1,1,1,1,1
COG:COG4992,1,1,1,1,1,1,1,1,1,1,1,1,1,1,1,1
COG:COG0178,1,1,1,1,1,1,1,1,1,1,1,1,1,1,1,1
COG:COG0183,1,1,1,1,1,1,1,1,1,1,1,1,1,1,1,1
COG:COG0028,1,1,1,1,1,1,1,1,1,1,1,1,1,1,1,1
COG:COG2609,1,1,1,1,1,1,1,1,1,1,1,1,1,1,1,1
COG:COG2352,1,1,1,1,1,1,1,1,1,1,1,1,1,1,1,1
COG:COG4239,1,1,1,1,1,1,1,1,1,1,1,1,1,1,1,1
COG:COG2755,1,1,1,1,1,1,1,1,1,1,1,1,1,1,1,1
COG:COG0085,1,1,1,1,1,1,1,1,1,1,1,1,1,1,1,1
COG:COG1459,1,1,1,1,1,1,1,1,1,1,1,1,1,1,1,1
COG:COG1292,1,1,1,1,1,1,1,1,1,1,1,1,1,1,1,1
COG:COG0665,1,1,1,1,1,1,1,1,1,1,1,1,1,1,1,1
COG:COG0646,1,1,1,1,1,1,1,1,1,1,1,1,1,1,1,1
COG:COG0768,1,1,1,1,1,1,1,1,1,1,1,1,1,1,1,1
COG:COG1249,1,1,1,1,1,1,1,1,1,1,1,1,1,1,1,1
COG:COG0784,1,1,1,1,1,1,1,1,1,1,1,1,1,1,1,1
COG:COG1538,1,1,1,1,1,1,1,1,1,1,1,1,1,1,1,1
COG:COG0603,1,1,1,1,1,1,1,1,1,1,1,1,1,1,1,1
COG:COG2353,1,1,1,1,1,1,1,1,1,1,1,1,1,1,1,1
COG:COG0445,1,1,1,1,1,1,1,1,1,1,1,1,1,1,1,1
COG:COG4977,1,1,1,1,1,1,1,1,1,1,1,1,1,1,1,1
COG:COG0258,1,1,1,1,1,1,1,1,1,1,1,1,1,1,1,1
COG:COG1167,1,1,1,1,1,1,1,1,1,1,1,1,1,1,1,1
COG:COG0625,1,1,1,1,1,1,1,1,1,1,1,1,1,1,1,1
COG:COG2197,1,1,1,1,1,1,1,1,1,1,1,1,1,1,1,1
COG:COG2366,1,1,1,1,1,1,1,1,1,1,1,1,1,1,1,1
COG:COG2186,1,1,1,1,1,1,1,1,1,1,1,1,1,1,1,1
COG:COG2067,1,1,1,1,1,1,1,1,1,1,1,1,1,1,1,1
COG:COG0587,1,1,1,1,1,1,1,1,1,1,1,1,1,1,1,1
COG:COG0322,1,1,1,1,1,1,1,1,1,1,1,1,1,1,1,1
COG:COG0684,1,1,1,1,1,1,1,1,1,1,1,1,1,1,1,1
COG:COG0550,1,1,1,1,1,1,1,1,1,1,1,1,1,1,1,1
COG:COG1048,1,1,1,1,1,1,1,1,1,1,1,1,1,1,1,1
COG:COG1595,1,1,1,1,1,1,1,1,1,1,1,1,1,1,1,1
COG:COG2885,1,1,1,1,1,1,1,1,1,1,1,1,1,1,1,1
COG:COG2902,1,1,1,1,1,1,1,1,1,1,1,1,1,1,1,1
COG:COG0029,1,1,1,1,1,1,1,1,1,1,1,1,1,1,1,1
COG:COG0841,1,1,1,1,1,1,1,1,1,1,1,1,1,1,1,1
COG:COG0207,1,1,1,1,1,1,1,1,1,1,1,1,1,1,1,1
COG:COG0171,1,1,1,1,1,1,1,1,1,1,1,1,1,1,1,1
COG:COG1280,1,1,1,1,1,1,1,1,1,1,1,1,1,1,1,1
COG:COG4208,1,1,1,1,1,1,1,1,1,1,1,1,1,1,1,1
COG:COG0410,1,1,1,1,1,1,1,1,1,1,1,1,1,1,1,1
COG:COG0835,1,1,1,1,1,1,1,1,1,1,1,1,1,1,1,1
COG:COG1053,1,1,1,1,1,1,1,1,1,1,1,1,1,1,1,1
COG:COG0477,1,1,1,1,1,1,1,1,1,1,1,1,1,1,1,1
COG:COG4948,1,1,1,1,1,1,1,1,1,1,1,1,1,1,1,1
COG:COG1252,1,1,1,1,1,1,1,1,1,1,1,1,1,1,1,1
COG:COG0305,1,1,1,1,1,1,1,1,1,1,1,1,1,1,1,1
COG:COG0600,1,1,1,1,1,1,1,1,1,1,1,1,1,1,1,1
COG:COG0612,1,1,1,1,1,1,1,1,1,1,1,1,1,1,1,1
COG:COG1024,1,1,1,1,1,1,1,1,1,1,1,1,1,1,1,1
COG:COG0673,1,1,1,1,1,1,1,1,1,1,1,1,1,1,1,1
COG:COG0589,1,1,1,1,1,1,1,1,1,1,1,1,1,1,1,1
COG:COG0745,1,1,1,1,1,1,1,1,1,1,1,1,1,1,1,1
COG:COG1670,1,1,1,1,1,1,1,1,1,1,1,1,1,1,1,1
COG:COG0606,1,1,1,1,1,1,1,1,1,1,1,1,1,1,1,1
COG:COG3639,1,1,1,1,1,1,1,1,1,1,1,1,1,1,1,1
COG:COG0168,1,1,1,1,1,1,1,1,1,1,1,1,1,1,1,1
COG:COG1529,1,1,1,1,1,1,1,1,1,1,1,1,1,1,1,1
COG:COG0609,1,1,1,1,1,1,1,1,1,1,1,1,1,1,1,1
COG:COG1643,1,1,1,1,1,1,1,1,1,1,1,1,1,1,1,1
COG:COG0304,1,1,1,1,1,1,1,1,1,1,1,1,1,1,1,1
COG:COG0635,1,1,1,1,1,1,1,1,1,1,1,1,1,1,1,1
COG:COG0531,1,1,1,1,1,1,1,1,1,1,1,1,1,1,1,1
COG:COG0174,1,1,1,1,1,1,1,1,1,1,1,1,1,1,1,1
COG:COG0226,1,1,1,1,1,1,1,1,1,1,1,1,1,1,1,1
COG:COG0840,1,1,1,1,1,1,1,1,1,1,1,1,1,1,1,1
COG:COG1335,1,1,1,1,1,1,1,1,1,1,1,1,1,1,1,1
COG:COG2076,1,1,1,1,1,1,1,1,1,1,1,1,1,1,1,1
COG:COG1960,1,1,1,1,1,1,1,1,1,1,1,1,1,1,1,1
COG:COG0318,1,1,1,1,1,1,1,1,1,1,1,1,1,1,1,1
COG:COG3839,1,1,1,1,1,1,1,1,1,1,1,1,1,1,1,1
COG:COG0687,1,1,1,1,1,1,1,1,1,1,1,1,1,1,1,1
COG:COG0543,1,1,1,1,1,1,1,1,1,1,1,1,1,1,1,1
COG:COG0339,1,1,1,1,1,1,1,1,1,1,1,1,1,1,1,1
COG:COG0332,1,1,1,1,1,1,1,1,1,1,1,1,1,1,1,1
COG:COG2165,1,1,1,1,1,1,1,1,1,1,1,1,1,1,1,1
COG:COG1089,1,1,1,1,1,1,1,1,1,1,1,1,1,1,1,1
COG:COG2986,1,1,1,1,1,1,1,1,1,1,1,1,1,1,1,1
COG:COG2805,1,1,1,1,1,1,1,1,1,1,1,1,1,1,1,1
COG:COG3204,1,1,1,1,1,1,1,1,1,1,1,1,1,1,1,1
COG:COG0243,1,1,1,1,1,1,1,1,1,1,1,1,1,1,1,1
COG:COG0500,1,1,1,1,1,1,1,1,1,1,1,1,1,1,1,1
COG:COG1516,1,1,1,1,1,1,1,1,1,1,1,1,1,1,1,1
COG:COG0179,1,1,1,1,1,1,1,1,1,1,1,1,1,1,1,1
COG:COG1132,1,1,1,1,1,1,1,1,1,1,1,1,1,1,1,1
COG:COG3278,1,1,1,1,1,1,1,1,1,1,1,1,1,1,1,1
COG:COG1773,1,1,1,1,1,1,1,1,1,1,1,1,1,1,1,1
COG:COG0523,1,1,1,1,1,1,1,1,1,1,1,1,1,1,1,1
COG:COG0654,1,1,1,1,1,1,1,1,1,1,1,1,1,1,1,1
COG:COG0842,1,1,1,1,1,1,1,1,1,1,1,1,1,1,1,1
COG:COG0747,1,1,1,1,1,1,1,1,1,1,1,1,1,1,1,1
COG:COG3485,1,1,1,1,1,1,1,1,1,1,1,1,1,1,1,1
COG:COG0765,1,1,1,1,1,1,1,1,1,1,1,1,1,1,1,1
COG:COG0330,1,1,1,1,1,1,1,1,1,1,1,1,1,1,1,1
COG:COG2995,1,1,1,1,1,1,1,1,1,1,1,1,1,1,1,1
COG:COG3138,1,1,1,1,1,1,1,1,1,1,1,1,1,1,1,1
COG:COG0136,1,1,1,1,1,1,1,1,1,1,1,1,1,1,1,1
COG:COG3288,1,1,1,1,1,1,1,1,1,1,1,1,1,1,1,1
COG:COG0312,1,1,1,1,1,1,1,1,1,1,1,1,1,1,1,1
COG:COG0859,1,1,1,1,1,1,1,1,1,1,1,1,1,1,1,1
COG:COG0795,1,1,1,1,1,1,1,1,1,1,1,1,1,1,1,1
